Close,High,Low,Open,Volume
1466.4117431640625,1470.7718899856607,1423.710376672429,1448.427570711881,32900
1444.294922,1472.680231919629,1398.993298,1459.9459276727384,48500
1446.0350341796875,1481.0346082553742,1428.5847901549032,1463.2580199984059,45900
1432.638427734375,1453.3711836126909,1419.0637624521667,1453.3711836126909,39300
1443.840087890625,1444.354224852221,1405.587815190182,1405.587815190182,27200
1472.541992,1474.430420005896,1434.5862464832016,1444.9674701827698,55500
1516.4197998046875,1527.5227451728836,1458.3244914399154,1502.1234119559222,58200
1515.0948486328125,1538.131201201595,1486.1064557040281,1507.106174230289,45100
1557.8455810546875,1565.2607387539829,1515.4704410051775,1515.4704410051775,39900
1574.248047,1600.626169806188,1546.1989788024684,1546.1989788024684,16400
1582.7508544921875,1618.5808933682288,1559.2398278978083,1618.5808933682288,61300
1511.0115966796875,1613.044128260806,1478.4144685421409,1608.7927224909981,115800
1521.7491455078125,1543.8957821501945,1488.489664746013,1488.489664746013,48800
1547.4251708984375,1555.0183474327066,1496.9032409582496,1496.9032409582496,51800
1505.128906,1555.700313308595,1493.6601514654972,1547.4250009309656,42700
1506.216309,1511.6146257923665,1476.3381936722465,1505.1287762036511,37700
1515.0157470703125,1520.7995466421323,1498.6629327017683,1516.1725552604487,27100
1498.2474365234375,1522.7767150835664,1495.4889592781187,1502.8052722413872,48500
1482.477783203125,1520.562052,1467.7957954293336,1520.562052,71200
1488.044434,1501.609323205852,1463.2679777606786,1471.1774809024441,33600
1484.712158203125,1496.279875829397,1468.4383985160557,1470.9793932984019,115500
1497.011474609375,1503.2995133359966,1473.1445411842387,1473.1544377155064,58500
1464.622314453125,1490.5654722530292,1463.9499536565822,1474.1334861086905,53600
1454.389404296875,1494.7277930386833,1448.4869672550303,1483.031660127339,46400
1465.0377197265625,1474.835529526131,1397.1444809088653,1444.6607567182657,44400
1482.656005859375,1499.6318189715478,1473.1052478407069,1475.023365,47600
1481.4696044921875,1494.8168896819834,1481.4696044921875,1494.8168896819834,50200
1484.3760986328125,1492.292771158854,1470.5219217122394,1482.8125992965001,33300
1456.4698486328125,1484.376070437504,1452.9072494246955,1484.376070437504,238100
1482.4266357421875,1483.2875690408944,1451.868275192088,1459.7453256399726,58700
1494.9447021484375,1515.8447098848749,1480.4571789403997,1480.4670844435893,70100
1484.3760986328125,1516.3000902579824,1477.7755294266442,1494.944909606566,44300
1513.370849609375,1513.370849609375,1475.6973193287324,1484.3759902797137,39200
1510.6793212890625,1544.8496908235265,1504.0491558340175,1513.3710819718372,31800
1523.9593505859375,1547.818206182693,1505.6520466990285,1514.0635106470677,33300
1516.923583984375,1527.7298858328409,1499.2199099577263,1514.0933879571473,52600
1534.864501953125,1546.076444505797,1514.073333709731,1528.917092809794,42300
1528.9168701171875,1549.5496681012646,1528.1053437572464,1532.6179038498278,10300
1550.4207763671875,1581.9390015883603,1543.7509900867442,1555.2697619701735,45100
1552.469238,1569.163514510499,1538.852553608326,1555.0223213578654,41200
1608.0640869140625,1617.9599268674035,1560.0890741480775,1560.0890741480775,51000
1612.368652,1615.515582,1593.5863686142143,1599.880107935254,130300
1595.1998291015625,1608.242602043459,1580.6628951486693,1593.5471799956167,35100
1588.282227,1613.1603813547954,1581.3551389700156,1595.2192196583078,37700
1578.257568359375,1587.2034448962313,1551.6377389999127,1587.2034448962313,42100
1586.797852,1605.055626979378,1573.4384683407388,1588.2723219726997,35200
1561.702148,1583.3344407382262,1555.2896632803233,1582.1666784366962,29600
1585.0662841796875,1595.7340294463932,1543.7709602649115,1561.5636625163395,22200
1582.82959,1611.0426373396915,1579.1285556110643,1584.9275029424853,52600
1553.9730224609375,1593.2100427074167,1552.3798071030828,1591.369431409545,44600
1555.982422,1582.275738736508,1545.8490904793293,1553.9735371849442,27400
1545.3441162109375,1593.2300961430453,1543.849834841954,1557.7238205970475,43800
1530.2137451171875,1543.9689892805366,1522.406032295841,1543.8502440117402,39000
1545.670654296875,1551.766525084606,1517.042059059423,1528.907160629138,19700
1550.094238,1555.1113757864925,1536.4280258659874,1553.597283342154,27200
1521.4854736328125,1560.9005627727413,1508.521946765204,1542.7714361668602,50300
1573.448486328125,1575.1011351175755,1491.0557117337698,1491.0557117337698,29700
1567.867431640625,1568.7481760281535,1536.2304554226885,1563.5429537460786,31200
1582.443848,1589.9449721492729,1558.9017249901885,1587.2730227054894,37100
1573.438477,1600.8697145961366,1567.5108783807395,1600.8697145961366,17200
1614.832763671875,1620.1666357574275,1573.3790767396047,1573.3790767396047,23100
1536.527099609375,1614.5658037649112,1531.8761029136024,1598.682932,60900
1500.209473,1536.5469712607935,1489.4229819714471,1536.5469712607935,35600
1543.5826416015625,1572.9337344763744,1495.7759052679023,1509.273844425176,68400
1527.630615234375,1567.5009916122572,1515.5676447533194,1553.646816181341,60200
1502.4754638671875,1537.2889598071342,1493.2920957597785,1522.979614452747,28800
1502.7625732421875,1509.1157466270456,1495.3210023101735,1502.782384251925,21100
1494.8162841796875,1514.1625805137744,1486.5235647361633,1512.3318741208682,19300
1488.5819091796875,1505.7017627369235,1485.2569210397874,1491.4616327861208,42200
1490.3038330078125,1525.424165030383,1485.4746574959483,1489.8881641748253,50200
1542.979004,1543.711286339896,1492.0946762768092,1492.0946762768092,51900
1523.573486328125,1548.6792288710942,1515.0432766401007,1542.6526958239251,51900
1514.330566,1538.8919855299168,1504.7513411506854,1523.652369386381,49800
1487.0181884765625,1528.1947629942538,1486.7311704694864,1513.8755119324733,72800
1535.8641357421875,1536.9031264975472,1491.9166750125987,1491.9166750125987,44300
1510.2340087890625,1555.2699914828481,1509.7788387522344,1528.541314898769,35300
1493.341309,1523.9490662690596,1493.054290651243,1523.8501320540288,39200
1494.2615966796875,1507.136091272982,1482.4163078693396,1495.5084819017031,41800
1524.404785,1526.4631974044614,1491.2933396818523,1498.9824275001124,42800
1529.916504,1541.712266555795,1511.6092019536873,1530.619069812052,38600
1502.653564453125,1520.010906202668,1492.292649123673,1516.6363909907263,63400
1457.469238,1514.508752535155,1450.8290476381073,1510.7583113974656,54900
1465.019775390625,1473.6292292365165,1434.5505641686264,1454.6588592204841,39300
1500.990966796875,1504.2466156075945,1465.3263252297043,1465.3263252297043,32700
1490.085938,1523.9593789125618,1474.876036063196,1500.991172643148,35900
1488.354248046875,1506.691269803429,1464.2678056754044,1490.1058311735962,40100
1492.480712890625,1516.2802576525971,1485.5141233101415,1494.0245219946562,37400
1491.8277587890625,1509.1157641578902,1485.8902541431953,1509.1157641578902,22600
1473.718262,1509.016768898931,1472.5901213857837,1495.1229699336848,30400
1456.967529296875,1485.4036141733668,1450.9751943592553,1473.8053593431341,36800
1446.4786376953125,1474.419493284704,1437.6040282640938,1464.9011811707996,118900
1460.4044189453125,1462.5934190978935,1426.322757,1436.167876963203,37800
1494.100098,1494.1298404955687,1462.761905635015,1476.9255424432852,25800
1481.114990234375,1517.9600765246446,1480.8673750821397,1517.9600765246446,18400
1501.1619873046875,1506.8075647292912,1441.2192885517425,1478.9558156832836,25100
1535.9564208984375,1562.035198950458,1501.5180944410538,1501.5180944410538,42600
1505.539794921875,1559.8764498606154,1479.9858626414948,1548.6941108050603,84200
1492.257568359375,1512.2846514626947,1491.4355296371943,1503.2813990068641,28800
1465.5152587890625,1518.683238315286,1459.9687034725612,1492.2576956528233,95900
1516.4547119140625,1532.8170199792244,1480.5207711997064,1480.5306854784847,42100
1513.512939453125,1518.8911938342521,1494.090021145993,1509.4322465228502,28500
1528.3995361328125,1528.3995361328125,1505.5000921982412,1512.7007600104646,31500
1506.648926,1532.1928198221035,1506.648926,1528.0825054779064,26300
1512.2156982421875,1518.6338645799142,1490.6533482936122,1512.235526802194,27000
1508.0555419921875,1517.3857248972279,1504.2918640431276,1515.5633111439374,29100
1499.408691,1512.6313156731417,1498.3291232517638,1508.1347069562084,18600
1523.0806884765625,1529.023451689607,1511.0763116224455,1512.1261369190534,52900
1495.724121,1528.7757831732881,1494.9020824040808,1524.3286251966138,34100
1492.376465,1504.0441193835384,1487.6816914112824,1495.0309523716878,38400
1506.975830078125,1522.3577116159659,1498.1805354555736,1498.1805354555736,18400
1516.087891,1525.3091357074798,1501.0626825575284,1506.0447277779178,47400
1484.145996,1518.3862930335813,1484.145996,1516.4549428710914,34700
1483.709961,1509.2539781938408,1480.679093503188,1485.6908821136515,32200
1458.1756591796875,1490.841025576521,1455.5509147979276,1486.374039260776,60800
1446.8253173828125,1468.0508215314467,1424.094293692278,1468.0508215314467,50200
1433.146728515625,1446.5476876903585,1414.5954232598967,1446.5476876903585,152800
1406.5035400390625,1441.1101733173773,1401.5115802210325,1441.1101733173773,43700
1374.7095947265625,1402.8585255011806,1371.936377885965,1398.4411103863847,57700
1393.597900390625,1402.5517029535383,1353.622924864355,1388.9823201157085,64500
1385.2481689453125,1392.993638053907,1371.302528106865,1384.891618,48600
1366.835693359375,1425.0252563918846,1357.8126113706091,1387.060943304607,87500
1434.0579833984375,1476.8953983536126,1416.358459789607,1430.7201364797813,75600
1502.4989013671875,1504.5492223991023,1446.0723932322298,1467.149423,76100
1517.1080322265625,1525.2793308354876,1502.8355843751604,1525.2793308354876,39100
1557.5885009765625,1565.2250349082026,1499.557445,1525.3490789227967,62700
1508.1942138671875,1597.1475429915317,1508.0555348673104,1584.8558924557763,78800
1463.6629638671875,1524.3584142202915,1446.0624608875376,1497.3386219189824,62300
1484.769775390625,1507.1245396972922,1465.8817442227567,1467.6150503392362,44000
1458.42334,1492.416011827712,1457.4626221785018,1486.7504858931702,54900
1487.8304443359375,1498.4778966131148,1459.8003588160072,1459.8003588160072,45900
1479.4705810546875,1490.6430041496976,1470.893280455092,1485.6907018103298,31400
1518.7623291015625,1523.4075310824421,1481.243678339128,1481.243678339128,55000
1530.9945068359375,1537.1551425439654,1504.0044563909375,1520.267862423712,49800
1536.967041015625,1559.9754210555298,1523.476972686921,1531.4699364076675,38500
1586.103759765625,1592.0861803259863,1535.4119343597838,1541.7806490529333,37300
1618.6502685546875,1618.6502685546875,1565.2248835654675,1590.9074583797596,50700
1604.635009765625,1629.0399693543975,1603.1294905618588,1619.9178674522334,45200
1588.63916,1625.3853415192912,1584.7368038116588,1617.4120861127847,51000
1594.6612548828125,1602.9216617096613,1573.8120127166342,1584.251505216121,11700
1604.863037109375,1604.863037109375,1581.3693411205388,1594.6514513794682,21600
1592.9378662109375,1624.3552447318907,1584.2316795935167,1584.7467384062904,84300
1592.848633,1651.989112201986,1588.074666343061,1607.6957471212418,75700
1592.4527587890625,1609.389611633934,1571.712450015963,1592.8488463223093,24500
1598.801513671875,1612.6877911630859,1574.8423288708414,1584.3308982578153,26500
1573.9110107421875,1595.7903702005362,1557.3505402289857,1593.0368609980274,63100
1613.697754,1622.8001482000775,1576.5852303216384,1600.2868808894295,42500
1613.331298828125,1618.907595964928,1601.881638964763,1603.0701431354178,30700
1627.0792236328125,1631.8631050192935,1607.3591183486312,1613.331625051929,49900
1637.1322021484375,1639.8857113852976,1606.5368624673695,1613.2818356735127,48700
1606.4974365234375,1634.230334810794,1584.0437708969484,1620.4035427831097,49500
1652.2667236328125,1659.6158643797874,1606.7055330898404,1606.715326463105,38800
1624.9595947265625,1673.2048931770566,1620.3935857448696,1662.161353910862,31400
1620.2349853515625,1649.3347217411558,1616.5405867695372,1616.5405867695372,27500
1626.9298095703125,1655.9828946523762,1626.9298095703125,1633.5413744576508,53300
1631.3209228515625,1650.5012479495463,1622.3799861443727,1625.9880870439517,127300
1680.4466552734375,1687.5239498020114,1610.7530306783276,1635.543768541266,45500
1758.208496,1773.9393503775223,1679.4452036244097,1679.4551256290038,54300
1672.4271240234375,1749.3369341234013,1672.4271240234375,1749.3369341234013,29500
1656.8648681640625,1700.5088615555894,1644.2860655751563,1659.124907168224,25300
1646.3973388671875,1672.3677005125794,1626.9097968791386,1661.4244560268844,19800
1634.274414,1682.6267547983898,1630.735768,1682.6267547983898,39700
1638.4281005859375,1650.5607769512324,1632.7680806164612,1633.799001157324,24400
1628.0103759765625,1666.4701284344185,1621.4484209742125,1655.3485276509919,29100
1641.639648,1650.1543017187769,1614.3609107214002,1647.7258304977104,32000
1623.2821044921875,1642.6210614227225,1612.5173334078518,1637.9027847559144,41700
1614.8365478515625,1634.6810401692933,1604.924223696856,1620.6749212986908,38600
1632.886962890625,1646.6353525917714,1611.6548405418087,1615.2728633052807,30800
1609.156982421875,1635.5138213675555,1596.8855189289147,1620.2686603011805,30000
1600.8309326171875,1633.1947053642573,1586.765398296536,1603.903729871867,29300
1597.2918701171875,1620.1099399329646,1585.9620297468373,1609.5534109291643,41200
1588.0438232421875,1621.894441179585,1588.0438232421875,1597.6687741954443,40800
1589.580322265625,1615.1045626964258,1589.580322265625,1595.4781080622254,18800
1602.327637,1607.313566168727,1585.9722974017939,1594.5266403209082,8800
1624.778809,1638.0909935710526,1594.9129679401956,1595.8843564493286,36500
1644.5836181640625,1663.5657451499665,1621.5771500610783,1651.046473563969,45500
1615.71875,1642.293627987072,1613.6074201270953,1637.1690338683688,18500
1609.8114013671875,1621.6466608909361,1584.0095869648126,1621.6466608909361,24500
1613.726563,1632.7285337032206,1583.8309554473774,1620.734523262966,44600
1578.4583740234375,1613.7263799716445,1578.4583740234375,1613.7263799716445,45500
1539.840087890625,1574.959510593541,1516.9327180389903,1569.814950707308,53800
1601.9207763671875,1609.9596568165857,1547.5120140209656,1560.3980355502206,41000
1544.1224365234375,1601.9409938110944,1539.602357530225,1601.9409938110944,49200
1615.71875,1624.2334025202833,1554.0937875218808,1573.0560683616138,43200
1650.769287109375,1659.0361343998145,1622.9355149299997,1651.552399705264,42800
1598.4119873046875,1647.3292860930762,1595.1706377284254,1638.378427740291,32100
1597.807373046875,1627.6038822229013,1580.887086293273,1627.6038822229013,28500
1578.4683837890625,1618.5636890125634,1566.1473108817834,1610.3364110680345,37600
1592.325927734375,1612.3884650327948,1589.9171793778642,1589.9171793778642,25000
1582.34375,1602.812721377377,1578.8447919098535,1581.6598577869242,38400
1599.353759765625,1609.1272984351356,1559.714378771303,1585.9721200030988,41000
1605.796875,1614.9955429289075,1576.0995838589138,1614.9955429289075,29900
1599.839355,1610.7429131219178,1584.495095513211,1605.7569845368632,21400
1655.358398,1675.0740288526713,1610.9610527318396,1610.9610527318396,56600
1672.159668,1677.690822925812,1642.3335150231144,1660.304565630784,48100
1711.6802978515625,1720.7302567142585,1667.748920392173,1679.6437120977932,51500
1709.1524658203125,1730.6820064747878,1693.6594971531981,1730.6820064747878,25600
1684.649169921875,1704.8999812490679,1674.8755114202877,1688.2175825654276,42100
1689.5955810546875,1700.211643017785,1628.0498644841362,1680.7438210826076,59300
1683.5687255859375,1694.0659649580223,1649.767721287879,1676.996849222703,50300
1661.2064208984375,1690.8244501631361,1646.7046858933313,1670.900702912798,33800
1633.273438,1676.9670395710882,1633.273438,1661.2064200527072,69600
1686.3641357421875,1706.059921601054,1622.9648197882784,1665.2508341018029,55700
1680.68457,1696.8911999612465,1656.9444757138067,1696.851511935169,32600
1641.362060546875,1690.6957209391642,1635.5336086650843,1690.6957209391642,32500
1608.918945,1637.6944518375853,1587.0622217989464,1637.6845298332664,34100
1656.4388427734375,1680.7141193372863,1600.622598286719,1621.160908608591,42100
1659.283691,1672.556310496494,1649.5597624790885,1659.501855,21900
1722.990234,1741.1793285057224,1667.3028542973946,1667.3028542973946,49100
1691.1617431640625,1734.8552322113674,1690.5769498154455,1734.8552322113674,32000
1704.7315673828125,1734.8550155789833,1696.4051904588703,1734.8550155789833,34800
1688.2569580078125,1705.8415311115616,1674.3202941702823,1686.1555502783965,25500
1696.2794189453125,1698.917942298725,1686.3300426324865,1693.2141789192326,18300
1722.169434,1750.7279661494697,1701.288652450923,1711.1189980483884,33400
1708.232422,1737.3067933644672,1688.145255526337,1737.3067933644672,37900
1692.331543,1707.7961484354196,1678.2555831019156,1707.7961484354196,24100
1689.8416748046875,1707.9052073211803,1676.4105127764165,1687.9867165364665,128900
1745.470947265625,1747.0580574992764,1689.8419283359606,1689.8419283359606,19300
1746.740478515625,1781.7565555794124,1726.2366441403667,1744.0026622217558,29200
1720.7410888671875,1761.1039586005388,1717.1502025704735,1748.8731492202596,28000
1714.0355224609375,1733.5869928000511,1658.5849980914104,1706.1692354394352,31600
1706.7943115234375,1726.018480576292,1683.245216033607,1718.4597583158734,17800
1714.501708984375,1722.9532178021097,1676.4203940150614,1676.4203940150614,26200
1732.843017578125,1734.7772889085854,1707.3100063546667,1707.3100063546667,18300
1740.9273681640625,1767.5812956191503,1716.0986109511189,1717.1897413864642,41800
1779.573974609375,1781.5678213583253,1741.661340733336,1756.8184992996612,26400
1771.9261474609375,1796.2885929508645,1768.0674131463297,1779.5741111635334,15600
1768.3450927734375,1816.7030822473487,1741.8597212698812,1771.9359786354387,28400
1780.456787109375,1791.7750699181152,1765.0317807023166,1765.0317807023166,14900
1819.996337890625,1819.996337890625,1780.3179874256434,1781.5082895041064,27900
1863.999755859375,1865.9439564317063,1793.5607491495398,1809.1047877188967,26300
1898.728027,1906.3264650720457,1830.947531346027,1830.957460620361,38200
1884.9796142578125,1901.932156022676,1871.826231055192,1901.862772186623,26100
1876.260498046875,1900.4543904905581,1854.2489878672845,1886.6462788154056,20300
1892.211181640625,1894.641432424736,1862.6408297480973,1883.4223195373693,16300
1882.8170166015625,1899.6010022077846,1872.5403385040763,1899.6010022077846,18500
1815.284668,1875.8239447273843,1805.1071606350076,1875.8239447273843,31000
1794.2747802734375,1826.5332983302683,1775.6558161739026,1817.9231641545464,42200
1850.1719970703125,1855.9352152258446,1801.8833852709606,1814.5507196062167,30400
1842.503906,1846.9677208764087,1811.7235165313255,1839.1015553555546,27800
1823.736083984375,1875.5857890281163,1820.0657638282296,1859.9127917964008,30700
1832.8223876953125,1871.806293730255,1796.1694394052413,1833.000872459777,25300
1825.214111328125,1858.7225084708052,1824.0832637716414,1858.7225084708052,15000
1820.184814453125,1843.3372199285645,1819.9368247542006,1826.4044154763385,13300
1814.163574,1846.0252840730648,1806.7636007739236,1846.0252840730648,20500
1789.424560546875,1820.2943182030758,1773.2158641327155,1803.3912989599573,33200
1813.6875,1844.0215554272281,1798.2426342266688,1844.0215554272281,30300
1806.1190185546875,1835.1338151283035,1790.4956665535099,1834.717149,19200
1794.453613,1844.448365,1794.453613,1830.1641329485385,17200
1792.320556640625,1820.7004805765698,1783.5020292484635,1810.3246313011703,25000
1788.362793,1820.8494430389746,1759.2686855206982,1815.2845688095001,24800
1744.9945068359375,1805.3651079479905,1744.9945068359375,1788.3034641545223,34900
1707.587646484375,1747.3453105748113,1676.4103289224793,1686.3299166675827,55800
1749.418701171875,1760.1814310766488,1685.8043717313442,1687.847865198857,41900
1738.506836,1772.4516344207218,1699.6221023816088,1772.4516344207218,35400
1719.1441650390625,1755.1721817359846,1705.2865276368525,1755.1721817359846,35700
1700.425781,1752.1862485317106,1691.2898787763816,1743.695022454677,24000
1705.633544921875,1719.0647066524225,1703.0842639273455,1712.190378464495,22000
1715.0570068359375,1716.0886827115062,1663.9512713153283,1705.633398462666,36300
1771.916259765625,1785.525905942963,1713.9659809374684,1731.5533917368107,40700
1745.579345703125,1767.6603545586281,1720.4828649439148,1767.650425285203,31100
1741.1553955078125,1777.431272,1728.0020132412653,1760.617620680012,35600
1744.815673828125,1756.233128398423,1732.0095739188494,1741.1951213660195,31200
1723.7567138671875,1748.1588785037152,1716.098820247386,1744.776385850486,46400
1719.9376220703125,1739.5387387062196,1719.9376220703125,1728.7660800858514,20700
1702.9351806640625,1727.932491640516,1702.9351806640625,1726.3751697498362,19600
1739.548583984375,1759.5167195883962,1712.1308280618032,1730.9581868214261,43100
1728.200684,1751.6803944461496,1727.3376841907173,1739.548756422993,36200
1745.3714599609375,1760.5880748572445,1719.3027522494317,1728.2005940972847,35900
1750.271728515625,1756.4814007981197,1743.7347533943257,1756.4814007981197,9400
1744.6175537109375,1765.3990431471857,1717.0014532793032,1765.3990431471857,22900
1753.019287109375,1768.0176989484492,1732.6444151162054,1744.6174253438276,24600
1758.5050048828125,1771.271510614958,1737.4556668565979,1765.101555544099,18000
1755.578613,1764.9724337955352,1729.589220788513,1763.8117984397716,25700
1765.676758,1776.7470520700945,1746.938641304838,1773.701671,17100
1794.8504638671875,1802.8257311094628,1750.8074643424688,1760.7270533755707,29000
1803.0340576171875,1843.555553089353,1785.8631915182852,1794.8503969698982,35200
1790.9718017578125,1823.8651916311267,1790.862700813293,1823.8651916311267,23200
1821.4832763671875,1861.1886338901782,1805.501894198411,1805.501894198411,42000
1834.2784423828125,1875.6415444593033,1801.928534505008,1821.3543284170153,126700
1832.739746,1851.8578857977411,1812.2915108154034,1834.3181213284736,23200
1867.283691,1886.004756,1832.7399768869225,1832.7399768869225,55400
1871.9588623046875,1878.3911114353582,1850.3690721399228,1865.4868690380274,38800
1864.662841796875,1892.0000190667597,1864.662841796875,1871.9586769649409,23400
1873.9241943359375,1878.5101585537661,1852.106118476234,1878.5101585537661,14300
1880.9219970703125,1883.5127568266744,1858.1608500278783,1873.9238800987525,16800
1880.694091796875,1890.9678297874752,1862.906046332852,1862.9159823668576,22000
1863.580810546875,1902.6309935413094,1856.6224373395683,1896.9233487191561,28400
1867.1444091796875,1895.9307929469448,1832.6007001905257,1873.1795798099736,37200
1890.967529296875,1892.0594023236608,1858.061692151263,1880.0386206543353,11600
1881.0316162109375,1896.5166833830538,1860.8116651637274,1891.335162647391,25900
1895.027587890625,1927.675334325212,1882.0837230720904,1897.1319671001913,43500
1883.830566,1889.9252318132262,1850.8056177534102,1889.9252318132262,39700
1905.599121,1912.7064142215802,1890.7692277968633,1898.978208915798,18000
1897.2808837890625,1907.1674795297015,1888.992414227746,1900.8940860440644,14800
1898.442138671875,1931.5365189145898,1881.1305404758505,1881.1305404758505,23800
1899.4744873046875,1933.253849578326,1898.3528060985238,1926.0771255339637,19700
1915.773681640625,1920.736852,1890.4515786376737,1899.6831232949241,18500
1893.3897705078125,1917.8383511841162,1893.3897705078125,1915.7737160511494,12100
1891.4144287109375,1907.9318732025442,1888.0692569390872,1892.9431238633867,24700
1903.3956298828125,1914.3146042431579,1894.7993852312013,1910.7113378573981,17700
1895.176513671875,1903.5642224379405,1889.5581713478139,1901.807362055415,16800
1903.961181640625,1907.921781329246,1882.3417067264884,1896.5164271625952,16800
1914.334228515625,1928.5685647749401,1903.9215085535232,1903.9215085535232,14100
1905.8868408203125,1918.8208892432488,1891.8509833408687,1918.8208892432488,18800
1916.8453369140625,1940.192103741045,1913.460542832055,1920.706697013273,17100
1928.429688,1942.286819,1917.6000170811546,1917.6000170811546,15700
1940.2120361328125,1944.3811710079042,1926.0670037621119,1933.5316297058196,16700
1983.709228515625,1989.6252872194848,1935.8047113860143,1940.5891530114834,31700
1985.2679443359375,2041.490625888929,1951.3694699521736,2041.490625888929,37900
2010.11377,2016.2283080669854,1973.1480870157577,2016.2283080669854,26800
2023.7921142578125,2035.3860111241402,1998.8074737135234,2001.8151837113912,33600
2023.2462158203125,2040.0017616585533,1985.287900804555,1985.287900804555,23500
2016.8438720703125,2049.7893384324084,2000.0087159791055,2049.7893384324084,20700
2010.669434,2030.1449074729917,2004.3264879084784,2016.8437090516181,22300
2018.193603515625,2025.102297004697,1998.6684501771133,2010.0439964229754,18300
2032.4676513671875,2046.92046,2010.2821860999409,2018.1935706102624,20800
2041.9176025390625,2060.9165098524873,2032.9143446898968,2032.9838969227494,16900
2051.783935546875,2061.6605930751293,2035.2368081752836,2044.835499167287,28100
2061.472168,2075.73619,2044.8356153693828,2044.8356153693828,20400
2058.306152,2089.3952757202005,2049.769402736943,2050.791844870342,27700
2081.642578,2088.7596851787284,2029.9461304029455,2029.956066434994,14700
2133.924805,2135.304459269797,2081.642851,2081.642851,22500
2146.223388671875,2163.7037790855475,2116.1070298596046,2134.1530471358674,23800
2126.817626953125,2164.130582538895,2118.1420158065557,2164.130582538895,16000
2130.44043,2138.0935980008658,2102.5373851519516,2131.770646307895,21200
2104.374267578125,2136.744170850152,2097.8824020620245,2136.734234815877,19000
2115.074951171875,2123.045831964882,2073.8210203885733,2075.8360966645714,21800
2129.775146484375,2139.1952308464624,2109.4360911408826,2114.1906031189587,12400
2122.439453,2148.7045027982585,2115.2826027194765,2129.8345259316015,34000
2150.779785,2164.756149436763,2114.2905495938876,2119.273591665186,32800
2170.315185546875,2194.6049152897945,2151.8821429772997,2158.9793805557565,18700
2176.369873046875,2195.4582050934005,2164.4880733882774,2193.721095628536,31100
2193.721191,2210.734831934331,2163.2175672588305,2202.6449615816723,30100
2176.796630859375,2204.630126342388,2163.902325195001,2204.630126342388,28100
2188.112548828125,2196.7384789196353,2179.277962058276,2192.7182633134075,26100
2203.955322265625,2221.554704237761,2180.628422550526,2195.6965392766074,34900
2173.024658203125,2223.500194830729,2170.0765642580177,2223.500194830729,36700
2168.329833984375,2198.2777713808573,2162.4833254132805,2172.826495809729,35600
2180.30127,2187.3192615715543,2150.740592,2150.740592,34700
2182.050048828125,2192.4886361280296,2168.1551298277664,2181.553446658732,16000
2166.496582,2182.844686845727,2136.3924999678065,2136.3924999678065,132200
2181.265869140625,2184.444075243171,2147.308263356483,2165.195887,33600
2170.608887,2200.931452260126,2142.342322594598,2200.931452260126,25000
2160.120605,2178.8923180534443,2142.2727477564667,2170.5989625820016,39100
2181.822509765625,2185.8251539604294,2159.078218,2175.0885525393624,30700
2162.742676,2185.0201859550334,2147.6758403436543,2185.0201859550334,22000
2139.779541015625,2152.274131101306,2118.0980518735823,2146.3646128786286,44900
2081.568359,2114.324230335281,2040.7674335110266,2085.729829,42500
2062.548095703125,2115.515772518675,2062.548095703125,2115.515772518675,22200
2060.919677734375,2101.611246019748,2051.970893506862,2051.970893506862,28300
2076.740966796875,2089.473916786486,2040.3600011965011,2042.038458659282,26400
2047.819336,2064.3958642799635,2009.8987269281042,2044.4522361954876,24000
2023.5352783203125,2076.8803820846306,2023.5153948289446,2047.997913501833,36900
2057.48291,2063.730205677141,2026.1373158391582,2026.1373158391582,26000
2103.041259765625,2111.821276188428,2076.4630935614496,2077.2775892714717,24000
2070.364501953125,2112.585632836098,2070.344618465594,2103.8553269206104,43400
2075.052246,2099.703646642905,2070.4240009870573,2070.4240009870573,23900
2117.243896484375,2125.0804161014266,2066.908358248541,2066.908358248541,20000
2157.458740234375,2171.0457104684815,2129.778255750688,2143.732585574762,27700
2150.456055,2156.0678044141328,2133.949125480374,2135.9951845130545,18100
2208.420166015625,2214.101267005205,2141.557567092503,2141.557567092503,31300
2186.758056640625,2229.7439740215527,2184.0565696540734,2229.7439740215527,25200
2197.584716796875,2212.681379857966,2175.118309916967,2186.7586399937054,25800
2227.499755859375,2232.5254295136065,2206.2452736395544,2212.8400457313296,22900
2229.108642578125,2233.5482377631656,2214.1210988131916,2227.4895930915054,21500
2230.817138671875,2254.644108107484,2220.9049758375545,2254.644108107484,29100
2204.040039,2252.0812136045965,2193.0352558449104,2252.0812136045965,29700
2159.058105,2208.807570359484,2154.231024259303,2188.1093409910004,26700
2216.355957,2221.0040866825257,2140.3559213444278,2140.3559213444278,32000
2160.210205078125,2214.9358791236436,2157.9655528354942,2204.914356758332,53000
2170.847168,2186.3710814011456,2161.084131987923,2176.5282689794744,38300
2175.594482421875,2195.5281637948233,2173.1313547638115,2180.0837859719227,30000
2159.126953,2176.4088552136072,2153.1182604764376,2175.654010168612,21800
2147.834716796875,2185.0301796018257,2138.895875629681,2185.0301796018257,29000
2143.206298828125,2180.0043313622127,2085.749321831616,2085.749321831616,30100
2183.153076171875,2200.534155793444,2154.449319193594,2156.247077624318,45700
2174.174805,2198.5381451620874,2164.163223682128,2194.1877824703274,22100
2154.657958984375,2202.441138909913,2147.0003903270263,2202.441138909913,26900
2141.378906,2180.511069828784,2139.432264064313,2180.0741180078317,18700
2177.889892578125,2180.412671915146,2126.273061100585,2126.273061100585,34600
2150.327880859375,2190.4035438668875,2149.9602787397343,2177.104640006928,32900
2188.834473,2206.0366031949125,2163.150092838276,2166.169473874438,42700
2214.518555,2221.212744390649,2178.882487909743,2204.9044014821484,26900
2212.631591796875,2219.792558685769,2194.3863055789443,2219.792558685769,30400
2234.660400390625,2252.5480230077096,2192.8665202152383,2209.5819869439283,38300
2189.022949,2249.032293853223,2189.0130074734375,2240.2823455699886,49300
2178.087158203125,2217.715914054944,2154.001953153566,2203.8905873484196,34100
2209.959716796875,2219.315626313923,2165.940822069078,2177.5910923535507,50100
2216.981445,2237.2628471660705,2195.985207760357,2195.985207760357,11500
2179.945313,2231.085411,2176.6080381110564,2219.8124413316045,38100
2190.334473,2204.289048562159,2159.425822956439,2159.425822956439,39000
2158.918945,2231.9791371509014,2142.2034760345655,2224.768461733219,107000
2126.351563,2204.4175385323465,2126.2623292770995,2204.4175385323465,56900
2157.131103515625,2187.8113304164317,2142.233034021722,2146.305270009362,42100
2131.943115234375,2182.864725,2097.3795528819564,2157.130643565137,33100
2173.946044921875,2179.249602015773,2121.991456861673,2131.9036188443156,48000
2212.611572265625,2219.842130931857,2177.392575554863,2191.029255466046,33600
2180.07373,2209.770445229727,2172.3366293452646,2195.984884458999,47500
2163.537598,2232.7241492584853,2159.9818472621578,2232.7241492584853,25500
2167.291504,2184.9405246577116,2157.240158049417,2184.9405246577116,33400
2160.299805,2180.0744234124827,2143.2562564668574,2180.0744234124827,58500
2185.050293,2198.428730891997,2156.316949511062,2165.1663159042055,60600
2237.262939453125,2241.4343502502115,2170.1918041449476,2170.1918041449476,70400
2172.118896484375,2268.3406983883797,2163.795957102253,2233.5785322707648,46200
2216.825684,2234.912517827884,2160.0707714213345,2173.3873902493847,80400
2174.450927734375,2214.291605959081,2150.5404066937144,2197.9737368255383,56200
2241.044677734375,2258.147677371135,2197.805086202507,2212.7516502044214,34500
2275.777099609375,2275.777099609375,2241.0543175363937,2241.0543175363937,22800
2308.949707,2319.225529863226,2258.704128731192,2258.704128731192,28600
2310.550048828125,2332.3934229981514,2289.899168094127,2332.3934229981514,8100
2358.012695,2368.0301231563044,2310.549526305906,2329.421488860998,32600
2353.967773,2364.7802769107743,2331.4288048487697,2340.3330767542825,16400
2332.353516,2370.9721042662877,2330.4156835608806,2370.9721042662877,24400
2314.524902,2366.191766693286,2279.732485240342,2335.4043316271436,38400
2185.074462890625,2295.2751567158725,2180.8409297799003,2285.7150727476283,46200
2149.457031,2184.338975,2141.4968053549196,2151.5639714698445,42100
2131.171387,2177.3724298319858,2118.7789200571874,2177.3724298319858,28500
2150.968017578125,2150.968017578125,2074.307550661326,2126.709813461396,36000
2163.529052734375,2172.1152460878793,2130.2969494359068,2140.5227905523598,52700
2173.934326171875,2238.053347765077,2171.171575016325,2176.776415136142,34200
2131.668457,2213.019789842626,2125.685852954104,2169.1440440924853,23500
2112.866455078125,2134.5307736169143,2071.037958,2127.862515198242,33200
2160.061279296875,2164.7519152711416,2123.241497393042,2133.159452048609,12700
2093.904785,2145.3232061983454,2089.830170015277,2136.6375358737246,41300
2053.835205078125,2131.6685024348735,2046.5210844539442,2124.1056929750334,44600
2029.8951416015625,2090.8837183658966,2018.3772081427383,2018.3772081427383,49000
2049.750977,2071.425240704954,2012.4144101638592,2012.4144101638592,32500
2068.036133,2068.036133,1982.640280866171,2037.238754444498,48400
2007.4356689453125,2067.788210075071,1999.7935208427791,2067.788210075071,55400
2055.455566,2087.9821309139916,2038.551273400418,2078.004490428124,54300
2015.0477294921875,2078.659781529009,2014.1433513769014,2070.441162004608,30700
2075.450195,2082.754611603951,2017.8803021997708,2029.7362098025712,49900
2175.743164,2179.7677989868316,2085.268943946555,2098.4962797799717,56600
2176.100830078125,2196.324451101878,2136.5381925157385,2159.435036857385,39000
2204.642333984375,2260.274397470713,2171.897167585312,2236.0161935772203,43600
2094.014404296875,2172.433890785413,2001.4730292478885,2172.423943230547,53000
2156.056152,2173.4075980516823,2091.579261,2116.5631497274308,31000
2136.925537109375,2158.739065,2110.351742,2145.471940738232,42800
2160.100830078125,2181.804936280091,2121.939345636739,2121.939345636739,42600
2194.962646484375,2200.2397023741228,2171.479626463368,2200.2397023741228,25900
2163.469970703125,2183.087277131257,2153.2936218871564,2167.544586,21900
2116.324219,2182.2517409298284,2092.910592824818,2182.2517409298284,34000
2113.134521484375,2154.6944293925108,2100.9805521290555,2119.753041268057,46600
2102.660156,2143.4252335907713,2078.4017107689224,2113.134688258212,35000
2079.127197265625,2090.665147324225,2044.0368349688047,2082.2279227781664,37800
2034.1182861328125,2085.0598219921003,2034.1182861328125,2078.9876905872934,28400
2046.033935546875,2059.181688,2007.5544978100193,2007.5544978100193,35900
2072.628173828125,2080.5287161614706,2035.0232615696646,2047.187180431019,66900
2015.803223,2075.7283781406495,2008.1013898353017,2075.221538146857,50600
2081.979004,2086.9479275432577,1982.620426270501,2002.4067141603173,45600
2100.424072265625,2104.3793167592553,2039.1371924756934,2067.1223305491367,39800
2122.883301,2124.9305557468133,2066.356936491502,2092.890942748776,47200
2123.47998,2136.995553099031,2096.0019231199935,2121.283754506568,47500
2136.368896484375,2150.7688279773206,2092.9107082625524,2121.7205188009902,42100
2154.814453,2216.170738906006,2148.7124764026207,2166.4516384733975,48300
2080.945313,2150.55003,2056.210118773617,2128.209769719411,48100
2083.211426,2121.353012319128,2038.2526114291084,2038.2526114291084,38600
2040.240478515625,2095.6937266024684,2005.1996118830461,2083.2216771010126,56800
2108.811279296875,2132.662113746981,2077.298403,2113.9590164645174,35600
2087.792969,2090.486086834537,2033.343458792178,2033.343458792178,34700
2035.3011474609375,2086.9381677220254,2029.8651736278437,2086.9381677220254,30100
2024.9063720703125,2058.1386042886224,2015.1872473367594,2042.2181497841777,38300
2031.789306640625,2067.776962027461,2023.436356,2050.464363748452,23400
2114.703613,2114.703613,2032.5950664095546,2032.5950664095546,31900
2148.742431640625,2148.742431640625,2091.086523107024,2091.086523107024,22300
2145.391113,2165.1302609200407,2108.240069,2134.512319518253,146100
2143.562012,2155.932424037115,2096.904091017626,2152.8994224848657,22100
2179.986572265625,2202.659181338411,2137.6049209100543,2155.325142094805,27400
2151.506836,2184.2029393960593,2135.795100160319,2164.8417944651387,33500
2111.899658203125,2159.8202521698627,2104.202929,2143.969403679654,35400
2078.516602,2137.972439139093,2058.6682085167186,2137.972439139093,19800
2105.952392578125,2123.4538695596025,2071.287139990986,2099.200307269564,24800
2139.275391,2155.215820322142,2121.9525943567023,2134.9894230368045,27800
2125.054931640625,2133.6365764839493,2113.161822622158,2123.175602888442,25800
2125.054931640625,2171.4838929150114,2125.054931640625,2159.461627082675,49900
2163.469238,2176.8442539662947,2124.717089536197,2176.8442539662947,26900
2236.667724609375,2241.003460941949,2148.0360387730575,2148.0360387730575,27100
2228.454102,2254.0004499433917,2207.233293343758,2236.667942,25500
2187.703369140625,2217.5356878107245,2171.902291173149,2217.5257339934597,27100
2188.54834,2198.0547192527256,2156.2695726481234,2167.824739,24500
2137.893066,2207.5615267710086,2133.756405979039,2207.5615267710086,25200
2122.628906,2153.286416459966,2100.5727068615397,2146.325543054727,18500
2164.832031,2179.599126828062,2109.393636329381,2111.1438088217733,45800
2217.296630859375,2267.0470142710037,2144.654899712829,2144.654899712829,43200
2167.407470703125,2211.986732477136,2165.448510969026,2211.986732477136,19000
2216.710205078125,2237.175252965825,2151.934405252974,2151.934405252974,26100
2259.916992,2266.519770166151,2216.530741873616,2216.530741873616,24400
2173.980224609375,2282.1621836427107,2169.356312813815,2282.1621836427107,43400
2117.945556640625,2199.795310283262,2111.5017952435155,2174.9449985943643,33100
2041.863037109375,2118.0845083194977,2041.863037109375,2104.1727144975416,31500
2132.652344,2146.8326466315248,1989.0595703261738,1989.0595703261738,41500
2083.290039,2116.533114763433,2078.3179864633057,2116.533114763433,40800
2088.261719,2132.0655428818295,2075.394107187362,2078.327569141842,34100
2058.768066,2142.934870209696,2053.1395472047298,2142.934870209696,31600
2010.568848,2048.943116673454,2002.832304,2038.5018059307388,33900
2023.8043212890625,2046.9341967733658,1995.4039004550887,2039.5258874458734,32900
2047.7593994140625,2060.7862719729774,2022.541167768809,2053.447397423359,40300
2010.4791259765625,2056.5699032297352,1961.215994977164,2050.951581473008,39900
1974.3226318359375,2010.4296156741261,1929.0967381944793,2010.4296156741261,39700
1968.1868896484375,2000.4952755643667,1921.479459791137,1970.2055720017086,43800
1912.0028076171875,1954.8022748008846,1889.8871275914412,1930.290031458006,36400
1878.5706787109375,1939.1004398945886,1864.4599308496377,1932.2688447387875,37900
1923.925781,1928.0028400651875,1830.5406562263101,1881.931844816366,74800
1883.3240966796875,1937.9172595128368,1875.0604868397363,1910.2526903585895,37900
1914.876465,1952.306087015278,1895.3760913886972,1915.7913661150671,19500
1935.520751953125,1967.5108622062921,1914.300064441256,1939.6872739627545,30300
1946.150879,1961.1963151482162,1912.7486630422327,1954.5537207552768,25100
1927.70459,1939.100495449771,1905.1313984228925,1922.235332036071,22300
1943.7047119140625,1994.409696505225,1927.1178904123265,1927.1178904123265,34700
1970.921630859375,1984.0478010364363,1954.036559821318,1954.036559821318,42100
1931.304199,1968.0177546916038,1903.6197253836713,1951.1924078651036,27600
1949.9395751953125,1964.5474071850674,1931.6324438878926,1931.6324438878926,31500
1944.9876708984375,1977.6639894281939,1930.0217424558425,1939.9957101451462,17300
1958.063720703125,1975.247162318627,1943.7144459650776,1960.3807747273179,33700
1996.3585205078125,1998.237970855936,1953.3006201439334,1953.3006201439334,16600
1979.6129150390625,2010.3601339767347,1964.2592738979808,1993.773312035297,68600
1931.0855712890625,2021.2687274746543,1931.0855712890625,2008.689409699893,22700
1944.012695,1963.3440974674602,1919.420944452114,1919.420944452114,18400
1899.602539,1938.6431054143611,1886.9734527468047,1908.0351207691554,32500
1924.2637939453125,1946.966262962897,1911.426042007798,1945.8724357090823,27500
1902.983887,1934.019405249663,1867.443537278701,1924.2641781961793,19900
1877.7650146484375,1922.2947420041492,1866.1702766508395,1902.9833695030302,35400
1918.7449951171875,1928.9576107677055,1874.5533276729566,1876.5919178316929,26800
1861.6856689453125,1912.1320949223684,1840.8526958343343,1912.1320949223684,36000
1877.2381591796875,1880.5295946771143,1805.1035856419776,1824.9519795588237,55100
1849.0762939453125,1895.1075906184744,1834.6374353856847,1878.3020304300926,35700
1843.826172,1871.6299753939118,1834.7373656166228,1840.664014076155,42300
1806.1676025390625,1837.5213943307979,1789.9388768001274,1837.5213943307979,23000
1822.8109130859375,1867.3026858281353,1785.1755311680845,1806.142654429358,126000
1848.6544189453125,1873.6319082946898,1821.2786562251633,1845.1018937602735,11300
1848.534912109375,1883.5333267022822,1843.5692729617874,1848.6145994541769,24600
1826.0550537109375,1861.3419679673807,1817.1487788236655,1836.5336958496466,28300
1870,1888.2405088526748,1817.1590221773047,1846.136916,23900
1939.1507568359375,1944.1163963881775,1883.1752515354765,1883.1752515354765,30600
1936.6129150390625,1974.7160976566636,1906.4110481696373,1946.7034461368214,27100
1932.861328,1952.146758,1926.5224186451876,1944.7232021413308,31900
1910.4315185546875,1937.339482075425,1893.4547122118684,1937.0111361901347,21600
1901.5450439453125,1910.4315194353194,1862.8647324839703,1910.4315194353194,35400
1920.571533203125,1920.5914550379641,1874.8358593963553,1920.571533203125,21100
1925.7862548828125,1967.7803960572728,1898.2214766569186,1898.2214766569186,36200
1912.869384765625,1948.0169690693908,1911.2274125009476,1943.479285,37200
1962.9439697265625,1967.2230346756037,1921.5768813029135,1930.8513470326118,33900
1983.4532470703125,1983.4532470703125,1948.0070791015553,1959.7294998608897,22500
1949.2413330078125,1966.8250277245727,1940.0861550502154,1951.8783041371332,18800
1905.654785,1969.9195905248116,1900.48021,1945.4496239283067,43400
1905.674805,1927.000159188865,1881.2246371987176,1904.052754157995,26200
1914.810059,1930.9111553510916,1895.7536057513266,1895.7536057513266,26300
1908.4810791015625,1922.4725258726457,1900.6793716100462,1914.8498719715149,21400
1899.405517578125,1925.5573017134432,1884.8369454316182,1916.6012212403575,27800
1946.614013671875,1947.8180700250255,1903.1770004741456,1931.0104782987385,24300
2013.456055,2023.5764685611007,1954.4852352685575,1963.172734686395,23400
2034.9410400390625,2041.0411311152925,1985.642751378875,1995.2257628075288,33200
2048.713623046875,2052.2563091808897,2021.0890772460145,2044.9719614675332,22300
2062.406005859375,2064.4759330867255,2020.7004949917362,2048.6533802069534,18200
2046.3546142578125,2076.0789638841516,2020.0935055828863,2056.5745156160824,25500
2083.861083984375,2100.2008775552176,2038.513395020333,2056.176776009011,52300
2099.723145,2110.649542813413,2068.754893180898,2094.717661723241,30200
2167.72998,2173.591131102128,2090.020962514739,2105.5050899538164,49400
2094.827148,2146.981298663505,2071.0834790283216,2111.6545396878496,45600
2135.198974609375,2152.275388672689,2109.5151129895908,2139.4879999604127,19500
2158.226563,2178.646447145905,2129.5570930470003,2164.366376001146,22900
2140.015625,2148.2154044808367,2056.9629446325157,2069.849700669434,44900
2133.497559,2154.434923465495,2106.470185306595,2140.015644,19900
2094.020996,2138.2042246441956,2086.935625442128,2138.2042246441956,20600
2113.963134765625,2138.5027040362306,2087.9107208619935,2094.0009712651886,29500
2101.783203,2117.0581501902507,2079.9204446840977,2089.7620751242907,24500
2139.508301,2141.4088927867247,2103.723819422389,2130.5522195221656,25600
2178.79541,2182.5370712321974,2132.4625626921916,2162.2466804731616,22800
2195.463623046875,2211.0769978582534,2141.806829293696,2166.1374652012537,34300
2164.38623,2188.139864013716,2149.3697806080454,2188.139864013716,48300
2161.719238,2175.1533588520906,2107.4055086296084,2152.5838613696333,28200
2129.009521484375,2161.0127374657404,2084.736640612425,2129.5668470147198,32500
2102.280517578125,2121.665434537167,2090.0006500797567,2100.3398393393877,31100
2078.368164,2109.0278736795008,2066.605776060257,2102.2809300213307,21200
2052.325195,2112.400699461229,2047.6382195201172,2069.8493634070664,34500
2069.302246,2092.0906399809355,2055.3406832677615,2061.888650645318,19500
2015.1180419921875,2069.302278531466,2007.6147981639558,2069.302278531466,34900
2025.069336,2035.0105756868602,2001.6840143677057,2035.0105756868602,18700
2029.9552001953125,2048.036573675784,2010.1522886127023,2010.1522886127023,24400
1967.3719482421875,2031.5970249412708,1963.7496972584952,2029.9550528246145,57600
1957.6300048828125,1967.3324254117326,1903.5054105552972,1967.3224644932209,32300
1956.6546630859375,2005.1468403351512,1945.4595632971432,2005.1468403351512,25100
1926.124512,1971.3926357247485,1919.069144394033,1966.0786070581094,27900
1969.889892578125,1983.164759688622,1917.8749494750568,1933.9958452779326,32000
1978.1492919921875,1991.1853398573182,1947.6488393227903,1965.5609995427103,40800
2023.337646484375,2030.1442330883676,1986.378876101719,1986.378876101719,46300
2037.518310546875,2059.8885903537403,2016.8695690304967,2059.8885903537403,20000
1985.513184,2011.9933122647255,1977.1541512836984,1986.468459923604,27700
1976.527344,2011.8740278482353,1971.5617043501522,1985.9610625178498,24300
1948.674072265625,1982.0902839667542,1934.4040836177496,1980.2890582240668,50600
1929.955566,1944.494254217789,1915.1481767737719,1940.4838916877297,79300
1952.157958984375,1959.7957949362617,1919.5255470836873,1923.9170626795335,19400
1918.151611328125,1941.6624571599689,1905.3655611721244,1941.6624571599689,25800
1906.3612060546875,1953.263402627024,1905.6541047791395,1925.9287174228832,22800
1906.9986572265625,1930.1410611799583,1881.7351924240168,1903.9017309125165,42800
1890.010254,1906.9986763375896,1876.965285867531,1906.9986763375896,32800
1882.501708984375,1924.066548483229,1882.491862808934,1890.010086325581,19400
1878.8372802734375,1911.5991535753449,1871.4086445984108,1897.0505172884361,29100
1914.915039,1920.601022935118,1873.4001605754142,1873.4001605754142,27000
1923.3895263671875,1945.9941592085186,1897.1999128756206,1912.6150136215294,42900
1914.0189208984375,1961.1402876339416,1909.6573080871701,1924.325435918335,27900
1963.420654296875,1976.6648553512885,1916.936734738072,1916.936734738072,23000
2016.038818359375,2051.3997184880636,1967.722538634005,1967.722538634005,29600
1940.069091796875,2016.0387809010108,1938.3164724987614,2016.0387809010108,25700
1907.366943359375,1958.043263288478,1903.9911638852411,1938.4956877076208,29200
1873.8582763671875,1897.9765445416049,1858.6324419916277,1897.9665768081727,41100
1840.837402,1879.5242405365652,1838.9553241755304,1847.2304874759056,22800
1832.2735595703125,1844.6712314997517,1812.3575426184614,1841.0167201860281,34200
1832.572266,1842.828940957023,1776.4886963509473,1792.4414446576347,37900
1822.0865478515625,1891.9717837044725,1821.2798908122143,1844.6812108783727,24200
1842.261474609375,1888.6657698803756,1813.4529025505224,1818.7306956754883,41900
1861.420654296875,1884.3937261737508,1858.243986409546,1873.3901998342988,18000
1832.333496,1856.6209735205362,1822.4551072233294,1856.6110057867347,23200
1848.8038330078125,1881.067804845559,1841.116279622953,1846.0853161377104,20900
1873.8782958984375,1887.530687696854,1849.6106321915845,1855.286648847287,26600
1912.4156494140625,1924.474783451404,1863.1534091872106,1863.5318183828988,24900
1941.224365234375,1961.7278727720045,1912.4157902467928,1912.4157902467928,27700
1956.967773,1970.6899387182448,1922.5529582836448,1931.903543120478,27800
1967.403809,1991.7611815033083,1947.8661996085143,1956.9678345097414,34400
2011.039794921875,2017.7415153360378,1960.7219477246135,1960.7219477246135,23900
1961.618164,2013.7582823289515,1960.084591844812,1977.0730128067016,33100
1964.296875,1990.8848316863277,1962.9326326435894,1986.931531328563,32100
1939.3719482421875,1997.7158846297295,1932.3614715252697,1978.805636659414,29400
1930.1312255859375,1966.706976902073,1924.4550869458044,1941.821919612625,20200
1827.643066,1942.807459062531,1819.6567241370856,1934.8510199927307,47500
1874.5452880859375,1912.6247034062096,1854.8881887523405,1889.9304843716054,44400
1891.8922119140625,1908.1238148716357,1868.630317957828,1879.365080611788,25400
1897.787353515625,1904.8176443536408,1846.4537707316297,1889.9801872778382,33400
1986.3636474609375,2022.8099318678198,1892.0314585796684,1929.832017466758,48500
1987.300048828125,2011.4979384359926,1928.7867765933152,2011.4979384359926,29900
1971.6658935546875,2001.5598567348597,1955.2252105789782,1970.9489460634436,48000
1992.567626953125,2024.3237311135533,1989.9287303502736,2001.3107877185541,22000
2037.0899658203125,2049.8461116835683,1968.917355982593,1968.917355982593,39000
2014.6746826171875,2055.5123683688025,2011.030017048222,2037.0901720694899,24500
2013.7982177734375,2044.3792241618678,1996.600716979206,2015.6802960396951,21900
2039.171387,2051.469626034497,2007.474964,2028.237511,27100
2053.271484,2062.9010434712477,2008.4903513786733,2039.2109034380544,21900
2079.093262,2091.1821793466347,2054.7061040280364,2072.251991893739,24600
2072.241699,2131.013886702174,2069.632827328896,2086.2128147619646,10600
2088.921387,2102.8326960127474,2072.2417217698226,2072.2417217698226,12200
2091.999023,2097.386220094724,2072.6008366384604,2079.222816987279,27300
2100.173828,2112.581467,2069.393712365626,2084.012000299906,18600
2159.414063,2168.8342995718967,2091.3013821168843,2113.7963675558344,74700
2190.722412109375,2200.690390221869,2159.4543567702294,2159.4543567702294,30100
2138.711181640625,2190.7517399299854,2131.431819618827,2190.7517399299854,31100
2100.163818359375,2136.0325825510695,2083.115592002922,2135.9827438880857,32000
2078.684326171875,2098.640213052758,2070.3991954641415,2083.2152684237026,26500
2080.915283203125,2110.948796233381,2064.9924353214014,2064.9924353214014,36000
2057.274902,2098.0828053953583,2057.055855310915,2081.2339312959107,19700
2080.218262,2116.2462727951074,2067.740846372061,2067.740846372061,13500
2134.907227,2156.5262663596714,2080.2278916193272,2080.2278916193272,38600
2126.483154296875,2175.6659008478796,2095.006021461091,2169.8304,39100
2138.711181640625,2164.064230504468,2105.610773564016,2127.508422908261,27300
2129.639892578125,2134.120996744116,2098.1525506096723,2131.671122249721,19600
2109.365234,2136.759726991299,2098.8196152713604,2118.994551327693,79500
2114.167969,2157.284177366815,2092.5351796968744,2157.284177366815,39100
2110.421387,2137.3752821717917,2082.580761941572,2082.580761941572,21100
2136.876953,2154.215004094916,2110.451204217211,2110.4611784011563,27100
2129.533203,2141.7895299819716,2080.428588764831,2099.0221720205263,29400
2119.808105,2128.0188055940785,2087.5530520416796,2128.0188055940785,17000
2106.964355,2121.562186772188,2077.1906765438903,2077.1906765438903,18100
2127.20166,2145.5461319243454,2123.076240072659,2123.076240072659,16900
2106.445556640625,2137.325388,2091.997099,2126.4043860373145,29100
2121.751220703125,2142.3676179687604,2088.3902476468666,2140.5340708256376,22000
2157.702880859375,2160.3735298227157,2121.9206123158415,2143.9321798920887,24500
2151.803955078125,2165.893829673835,2131.3070044917513,2142.3576718751237,25700
2186.340576171875,2186.340576171875,2110.849863860392,2151.793892423759,19100
2212.806396484375,2246.984524604092,2169.9492672841843,2169.9492672841843,29300
2234.588379,2256.141373478099,2190.6749674298962,2236.9996986294445,28900
2215.407227,2271.7462921125452,2205.4627202773954,2271.7462921125452,33300
2247.173583984375,2262.927443728431,2199.5534206504317,2215.4469189795755,25700
2254.447754,2275.6920380504384,2224.8234514869023,2247.1736537975166,20200
2262.428955078125,2281.8596375815487,2262.428955078125,2265.0494893320174,9800
2267.013184,2276.8778964266894,2241.9424599017293,2271.8757207110075,22400
2286.623047,2311.0359596305652,2263.933965231779,2274.615830926375,26400
2267.022705078125,2303.422637,2254.8162505216565,2281.650453524113,36200
2316.884766,2341.636555241903,2253.7800481957897,2264.9701098086284,24700
2329.769287109375,2341.0389004140343,2301.7989948329973,2301.7989948329973,18500
2328.682373046875,2350.0660473331386,2320.511571360268,2329.7087407580666,21600
2312.341064453125,2317.871141197642,2267.122250664607,2296.8163689785474,29900
2314.642578,2337.0526221073414,2295.500903761334,2312.3409744806168,19500
2346.628662109375,2357.5895603188033,2314.642671,2314.642671,26400
2314.712402,2335.4684348305295,2311.872679333692,2312.7494343862277,25900
2342.413818359375,2349.1198759984936,2314.712589406723,2314.712589406723,50800
2364.624755859375,2367.853229192446,2317.2237805350683,2317.2237805350683,43200
2366.537841796875,2451.2556479197297,2339.155542069742,2377.5186894050707,51500
2377.777587890625,2381.5042836077023,2331.3730618296395,2371.509907986272,31500
2348.013672,2392.4751786599772,2342.144716,2351.600972322852,30600
2361.585205078125,2369.5567670389514,2312.1514494285348,2348.013504068891,29000
2367.853271484375,2391.4689789974136,2332.1405804864708,2369.557154208262,25000
2364.046630859375,2391.4788003792537,2354.84946,2391.4788003792537,40000
2362.07373,2372.7954922940908,2336.674347923919,2363.9668793473106,46600
2374.449219,2396.7896865061125,2350.1360521488723,2371.599521589991,46700
2397.357666015625,2409.982793612617,2357.0913983175583,2401.5825844305036,53400
2355.636474609375,2381.504154451236,2329.3201997854917,2355.596577875616,36500
2356.294189453125,2369.208081821346,2334.262919755084,2355.6366231229445,33100
2362.183837890625,2367.9034254849075,2322.3260168091215,2351.591495436342,23600
2346.648681640625,2362.1434550520335,2328.5929756353385,2362.1434550520335,36400
2352.926513671875,2362.890967644888,2324.717086088803,2346.6488590143167,40400
2351.850341796875,2375.4660497311384,2326.241743011234,2352.926580703918,28200
2309.341797,2370.025218878614,2293.398671932412,2370.025218878614,25300
2323.859863,2325.9125990325892,2292.8905080604945,2292.8905080604945,13100
2337.820313,2348.2333618173375,2301.8288302237615,2301.8288302237615,40200
2277.355712890625,2320.3026012739892,2259.389776,2308.0263274491485,26800
2265.976806640625,2295.312102409671,2262.379531513024,2292.820988775625,20300
2287.71875,2298.3210643703096,2252.006306,2291.794298911151,23300
2261.213623046875,2307.767522459188,2254.856175,2282.966103750511,20600
2236.37207,2282.706776015558,2228.0616290662692,2234.737764,31300
2307.229248046875,2325.6734607015355,2245.0212346651633,2259.5395111337325,21800
2331.682129,2391.4688501602564,2307.2492693586228,2307.2492693586228,48500
2281.700439453125,2351.581032983777,2278.182958280288,2351.581032983777,33500
2301.788330078125,2326.848828657107,2255.0651233530407,2281.700083139268,37500
2341.646728515625,2341.925762424951,2303.333450910005,2307.8074810986823,27200
2304.130859,2316.735797696346,2271.138441684751,2280.5448288606717,37500
2322.674072265625,2329.878352244333,2269.9622137788774,2273.609115958955,32200
2307.956543,2331.751782842267,2290.8376811133776,2311.733109517128,75900
2371.540039,2376.412550001886,2319.9939382635243,2343.639568014706,44000
2349.40918,2393.810847763592,2333.675266952924,2388.6690334961977,36700
2344.20752,2375.0973255705435,2320.3227535381184,2336.664360069144,24100
2376.213134765625,2405.7379361363514,2348.6515447578267,2348.6515447578267,32900
2382.849609,2395.5044162636455,2362.7511418781382,2363.359080562364,31100
2431.226806640625,2440.155160938278,2382.8396074319503,2382.8495816159293,49400
2416.409423828125,2446.4222253999383,2391.4883207664807,2441.599586543484,27100
2423.90332,2450.0500380273975,2404.7317204375668,2419.010617675873,27100
2481.149169921875,2510.0361137797313,2425.069190816204,2425.069190816204,55400
2531.87793,2546.914377971336,2493.136250286484,2505.7611353378184,49200
2510.155517578125,2534.4188155476686,2492.797274398354,2507.464920552516,30900
2569.303955078125,2572.821435730238,2492.5078575071743,2492.5078575071743,37400
2554.554443359375,2581.651894907682,2541.1450639461104,2562.1911107356036,40800
2576.118408203125,2584.682427722643,2533.0994530256726,2563.1977769064333,44200
2601.750732421875,2604.023842842225,2550.7061503677273,2564.3844870517837,16900
2620.394043,2637.8109991508163,2596.397017842681,2624.0029311182184,31200
2605.509033203125,2642.955109695319,2591.960430042422,2642.955109695319,24800
2619.915283203125,2630.6725787526993,2587.7035162937614,2591.9106810501735,25300
2646.264892578125,2650.152959725629,2583.416163750573,2601.7502477549388,25300
2619.995117,2665.745995420718,2610.145215926943,2623.0359103190644,24000
2595.888672,2622.7169241372408,2585.1712934366433,2620.015186749301,38200
2593.435791015625,2666.862187130939,2584.781957,2666.862187130939,22500
2599.437988,2605.2002344455705,2569.758307,2593.0772220815293,25800
2636.604248046875,2664.549214863337,2600.115464,2600.115464,37400
2644.052001953125,2653.154179110511,2617.5925016208666,2641.8984009399537,26300
2626.983887,2651.9180012653387,2597.284248322261,2651.9180012653387,25900
2650.392578,2661.6782945188534,2617.6920645744617,2651.9079849934224,34700
2646.614258,2657.262024326024,2626.934169085508,2641.9684863261095,23600
2643.772949,2651.329781707712,2626.724742912444,2646.6141546699578,24700
2686.821777,2699.383638857468,2639.0572522208954,2640.931430357993,21500
2723.659668,2742.2829141186876,2675.984712776372,2686.8118644824567,33000
2712.872314453125,2774.116073599489,2711.9452047924947,2723.679507,27900
2612.338379,2739.640826178531,2595.7487391592736,2739.640826178531,39200
2595.819091796875,2657.082575672548,2581.742064911788,2639.456293042007,56600
2628.71875,2635.428308103214,2555.9402711011476,2626.9840398279907,31700
2631.689453,2646.514445091115,2606.286794828298,2641.9482657832355,15000
2627.163330078125,2633.344710452602,2604.013822,2633.344710452602,15400
2589.308594,2631.1512037526386,2557.395720513137,2622.019088,37400
2525.552246,2602.039391045065,2492.4031514535504,2602.039391045065,48900
2622.138427734375,2628.1898317100217,2537.9045979274383,2542.251473625334,30400
2605.818359,2635.8370951847273,2530.7468147750337,2628.2201430929613,52400
2606.974609,2645.3677552347676,2569.289513378651,2593.4160264799384,25200
2636.973633,2644.9393770750617,2584.4635400992033,2606.9548958171745,30000
2721.077637,2736.520621286867,2636.9735270731794,2636.9735270731794,43400
2595.349853515625,2716.6904582560583,2587.8227170054515,2716.6904582560583,52300
2591.900634765625,2613.2156375159684,2572.738989587705,2612.308486654386,19700
2629.974853515625,2657.9697207626396,2577.1556443464174,2618.489792255299,25800
2680.770263671875,2708.8946203279274,2623.085978514672,2623.085978514672,14800
2660.920654296875,2691.776685244588,2654.221075908791,2691.776685244588,6400
2665.965087890625,2695.794212232741,2658.4678892485313,2666.912156260094,18700
2759.610352,2764.4058138043647,2659.8040330294134,2665.9554753824054,103900
2731.705078,2761.703854,2684.090002221147,2751.096005930916,28400
2767.416504,2769.559882141126,2708.754972562941,2731.7250941597727,27100
2748.324462890625,2808.830234001434,2736.002106972529,2808.830234001434,34900
2780.087891,2795.3811839518944,2728.9934143202236,2766.578960892762,26300
2709.901367,2797.7640532427295,2665.2971455441143,2784.5642412651987,29800
2687.489501953125,2731.625177384314,2648.189205819989,2709.9012635058357,24500
2694.438232421875,2710.4096362436285,2652.8448686789948,2652.8448686789948,17300
2746.510009765625,2761.274881395873,2702.3942936838066,2702.4040296734083,24200
2741.973633,2770.227473234382,2716.730403625785,2716.730403625785,16300
2750.029297,2752.172918552038,2716.0229429536066,2731.6652718620358,17600
2739.411376953125,2752.9901610415145,2706.7408049116793,2744.535671,24900
2711.666259765625,2765.5822305990455,2687.370338,2757.157921006267,97700
2701.083008,2735.504996561914,2699.018219356604,2735.504996561914,3300
2688.48584,2719.6958330270127,2664.078034028043,2693.0939303301375,17800
2676.116699,2693.4724642147426,2620.7782281396394,2663.3992198631818,19500
2643.460205078125,2652.656659,2602.554797216251,2649.355043110191,26100
2654.172852,2662.172415036332,2601.557396999029,2612.6988285988696,36600
2643.609863,2655.1202238448095,2621.5461674998223,2648.4373621242485,12200
2680.146728515625,2693.113571638328,2618.135372830715,2672.1471642769534,18300
2716.982422,2729.799744760534,2673.164535564738,2692.9937138130804,17700
2697.133301,2741.988573912257,2677.0545164608166,2741.988573912257,16500
2737.759521484375,2760.850380188793,2678.1818818493675,2678.1818818493675,36200
2744.960938,2765.9273445699164,2724.7426175229175,2765.9273445699164,8200
2691.637207,2733.0113891638734,2654.3624056123354,2733.0113891638734,27300
2649.574951171875,2683.0791224376667,2615.3623862395802,2683.0791224376667,28700
2652.856201171875,2663.139962876307,2610.404940003863,2621.3569148770607,19500
2608.440185546875,2633.904856170473,2596.720154297257,2618.324822108819,18700
2619.870849609375,2624.8780652907017,2588.710538775466,2609.337725055339,16900
2606.285400390625,2637.6950727303065,2585.388883848597,2637.6950727303065,27500
2677.224365234375,2684.6253626472435,2627.9701819715365,2627.9701819715365,23800
2691.158447265625,2706.828338546355,2669.5238279897712,2677.224108218962,17700
2744.442383,2749.7488823771723,2658.4023785589256,2673.174664208605,18700
2791.033447265625,2807.820601826808,2719.536328687265,2719.606218343744,20800
2805.974853515625,2822.123745,2770.914602372264,2795.8807916006717,19300
2792.858154296875,2812.797156879157,2780.5794944670797,2812.797156879157,13900
2804.259033203125,2812.8072425472296,2792.3994672609765,2797.7159503649987,13500
2798.972900390625,2805.596101563353,2781.966580914979,2804.8380301885936,20500
2808.468505859375,2813.8049579368662,2792.559235499122,2797.716215,20400
2761.778076171875,2793.766105318587,2738.6969590828235,2791.322402822452,21500
2741.250488,2783.8814688590696,2736.353099053369,2766.924827880709,19100
2778.285645,2804.0099050702024,2713.0625314829394,2713.0625314829394,14600
2778.854248046875,2812.2887733003117,2761.7580715154068,2812.2887733003117,19300
2754.666016,2791.0229985031983,2737.988690442558,2742.9859218080965,17300
2660.028076171875,2748.2025062167595,2630.2940509476452,2742.347604835405,36000
2657.704102,2671.947709155946,2628.279342322082,2634.2740233521185,21500
2682.380859,2716.7529273084033,2627.939992290864,2657.703970548864,39200
2697.801513671875,2711.2071760092936,2650.2531756999406,2683.1091025644128,22500
2718.458496,2743.8734874599354,2693.881449894487,2705.0728030000555,15300
2765.119384765625,2783.811578072229,2713.0625554276617,2719.107157653544,28600
2755.094970703125,2763.024888800478,2706.379694461284,2763.024888800478,17300
2693.013427734375,2747.164992412984,2673.164282891709,2709.112396763312,25700
2663.130126953125,2696.6045889502943,2634.8725496176467,2692.9937050515146,30000
2696.893798828125,2705.0828195808763,2648.6869905667168,2663.1300386470566,38500
2641.515380859375,2697.1132014921495,2630.334011883835,2697.1132014921495,18600
2636.976806640625,2654.581934047794,2578.655971477402,2613.3373053881046,18300
2675.318848,2689.223477639348,2637.3061866446446,2643.2409619877867,27600
2685.063720703125,2712.852766329501,2653.3350424242185,2688.135942581251,20900
2751.374267578125,2763.573054,2673.174333281819,2678.1416117325707,21500
2704.444580078125,2752.5116094239015,2693.1334159323296,2751.3843649443456,23500
2716.403564453125,2728.9513106664353,2669.174244153346,2669.174244153346,12600
2716.084961,2719.406545722371,2684.136623998266,2716.433922154268,12700
2745.509277,2756.042400880949,2719.575594349864,2731.515033798362,20600
2783.432373046875,2800.009854856967,2740.5919715415216,2767.3234196980766,27800
2768.380859,2792.8583064955096,2743.285120258798,2762.984745813543,47400
2840.088134765625,2852.276939306976,2738.497798503028,2738.497798503028,27100
2822.991211,2843.8977112766324,2789.067947300743,2838.721007365142,15000
2785.177978515625,2836.8259371170207,2771.1238289535863,2822.981212963873,27100
2796.02002,2811.709878,2735.006120651634,2738.1182795155883,44000
2754.925048828125,2897.9891355560017,2750.9652042790663,2896.5928039254563,38900
2793.427246,2798.0453204425326,2733.0116610082614,2770.2962068526717,12000
2782.544677734375,2798.3144116018425,2769.0394170630157,2769.0394170630157,13200
2779.62207,2786.893515200805,2758.5757911458345,2768.2312764044173,25600
2863.926513671875,2882.429248253947,2787.6715577711166,2787.6715577711166,32200
2872.614258,2879.067726034807,2834.292330820765,2863.926512734993,90900
2836.796142578125,2867.896548086256,2832.7664078577086,2867.896548086256,15200
2778.945556640625,2834.0108688697974,2763.4178193039907,2834.0108688697974,26900
2782.188720703125,2819.2217421080572,2774.245294389918,2774.245294389918,15100
2710.138916015625,2817.4455880928963,2702.9639092776915,2817.4455880928963,31600
2699.381103515625,2725.327095638141,2690.010715867036,2721.1059017950415,22700
2711.056396484375,2719.359181094483,2675.839667418913,2706.026827380497,20900
2717.693115234375,2735.1267970603326,2661.5499695790872,2701.4369140778817,29200
2742.591309,2750.804193832796,2705.368739038523,2705.368739038523,41400
2788.355712890625,2794.3732162432325,2729.2687464916717,2754.0572350382135,26200
2798.245361328125,2832.8033098033966,2790.5114598842924,2795.5110626920323,36900
2781.470215,2828.0132253899656,2778.905485121131,2798.2353660171707,24900
2795.421142578125,2810.200437126296,2767.1698907694667,2774.1853170085387,45500
2819.131836,2827.9735389119546,2774.2952339287986,2774.2952339287986,21600
2844.070068359375,2848.251306533027,2805.470481623198,2805.470481623198,24800
2871.17334,2888.8567453535684,2834.709447247267,2841.8744643677405,36600
2842.173828,2893.9759091914752,2826.027262981062,2893.656505701363,24400
2864.497314453125,2872.810088971134,2853.370573180045,2866.982132369572,21700
2840.158203,2874.0176554104255,2839.808832692646,2872.0218098163905,18300
2821.895996,2852.462252568788,2811.3279066061227,2852.462252568788,17300
2840.467529296875,2863.869015072909,2811.5677224968795,2819.1220667006182,29700
2837.613037109375,2860.3956892028195,2799.203004003549,2799.203004003549,20600
2824.121337890625,2839.6990189707954,2795.101667,2795.101667,19700
2851.674072265625,2862.241918023444,2821.6365007172685,2824.131307535787,28400
2829.759521484375,2857.152695616326,2814.152117022575,2844.0498433448965,33000
2810.19043,2835.0985426329703,2798.2752904830004,2819.101811658689,20100
2806.518066,2844.2193726174096,2803.4044305553807,2811.886773730957,21100
2775.532715,2826.3668436847306,2769.2357635184494,2789.4037442778854,17800
2708.501953,2774.2152638512234,2694.291542870262,2774.205274878356,31300
2666.389648,2707.9233101473883,2661.7194381949034,2707.364414936552,27900
2747.700439453125,2759.256463109443,2659.4741749356817,2659.4741749356817,22400
2774.235352,2806.4683064804335,2747.7004968072306,2747.7004968072306,26400
2824.770263671875,2827.2353475488067,2774.2355569277506,2774.255534875755,16900
2846.884033203125,2866.024123157988,2838.8407174386894,2854.0190833478296,17400
2858.559814453125,2890.8724373760547,2818.2038753889765,2861.4437041109554,31300
2852.282958984375,2858.0509821718456,2814.1423776971383,2840.697211374788,20700
2877.989258,2898.935646769854,2826.137230257795,2826.137230257795,28600
2919.373047,2925.570108142728,2864.826677318158,2903.935211239303,30500
2918.914063,2969.9180015861784,2911.1901501399034,2917.766548787857,19700
3027.697998046875,3029.334484360587,2920.950217509965,2920.950217509965,28300
3085.317871,3093.560723282417,3008.936819931733,3027.647872693522,35600
3047.526611328125,3108.0005866920596,3043.963958722756,3045.6603787522427,60900
3118.837891,3123.298575944758,3050.6497532448134,3053.653510375585,35500
3155.122314453125,3163.8841054160303,3093.780032373451,3093.780032373451,35800
3147.617919921875,3149.8135448769303,3110.5252092963497,3118.548547181378,21200
3177.814941,3181.277703967633,3121.5022312007773,3143.037481206108,17900
3172.535888671875,3197.7234480602556,3153.315887582818,3153.4457442241805,19600
3173.753662109375,3182.4255522193157,3161.918191253309,3172.5359819731307,13800
3187.824219,3219.797702,3175.3901404622934,3187.455114027728,7300
3175.789306640625,3183.263738397505,3163.0957583188015,3182.1761585101976,10400
3200.927001953125,3224.487820766814,3165.410844897688,3165.989718033805,19200
3204.729004,3223.280475432662,3175.400161647126,3223.280475432662,34400
3209.040527,3222.4825192716135,3183.4439029817395,3202.354492789233,21600
3180.679199,3220.226760476919,3176.3880827083135,3203.3419856719847,121400
3219.298828,3223.5799557525625,3149.613803736999,3153.4758817675092,27700
3229.27832,3252.250523651633,3193.3930538555305,3193.3930538555305,22800
3265.762451171875,3285.521372272332,3218.800143512514,3229.1684546957563,32900
3244.805908203125,3279.2542226453716,3243.2490901678057,3265.762286939594,38900
3265.991455078125,3280.511279013191,3235.8142825347236,3280.511279013191,35100
3285.111816,3292.4366572515273,3248.548033285123,3256.441514693609,15200
3314.351074,3326.7451973374914,3265.4029125254183,3285.0919097285546,26700
3280.211669921875,3336.3048624725893,3258.2174159793626,3294.152619951168,52600
3291.219482421875,3299.841429,3253.687496831153,3283.515547255182,34200
3317.094970703125,3352.1221540384845,3256.8405165487966,3352.112165066399,34200
3310.229736328125,3343.031331490543,3299.9410939713166,3311.4671508327483,143700
3251.092773,3326.116538855648,3248.238607124671,3298.7335965966554,41900
3148.134766,3259.079694126506,3143.452640010115,3224.6271953216724,40900
3185.841309,3219.2257604596716,3150.170878133451,3150.170878133451,29900
3225.775146484375,3239.2426554929143,3190.623863356848,3208.793484,33400
3242.087646484375,3248.3572093490275,3224.626805444806,3225.7747913365183,11300
3288.679931640625,3302.027766488558,3244.4239767703934,3252.510331250524,24600
3280.124512,3304.4137990471513,3271.6286842298523,3281.522081068417,17900
3279.794922,3300.2407712396403,3263.4620795440514,3289.5086867532677,15800
3245.741455078125,3278.3871515016117,3205.4988218782933,3278.3871515016117,24300
3297.21582,3321.8048999094785,3234.6103687064156,3245.701960570614,23600
3319.658447265625,3332.557081598495,3288.5104913583455,3295.418881062449,26900
3343.029297,3359.2819500589435,3312.3602804967336,3331.798046181918,24600
3431.411621,3446.0973104259606,3344.2473155044095,3369.854470212403,42400
3446.596435546875,3468.120319,3383.4118752131694,3404.3369044289007,35300
3471.804199,3490.083497850044,3454.2534207097133,3454.2534207097133,13800
3481.108887,3486.6796655105604,3433.718026,3455.232161011324,15600
3564.050293,3567.2848834852875,3494.1669538909314,3519.1152961923626,54500
3609.803955078125,3618.189858189607,3569.810660363522,3593.680724341403,15400
3602.995361328125,3616.942050172171,3555.774141088452,3579.8640536254397,37800
3549.464844,3586.0139405146388,3527.8010554953144,3583.90735,25300
3617.960449,3619.847192210176,3554.1070802878858,3554.1070802878858,22400
3654.469727,3657.764276,3578.4964497559563,3619.0688596671253,20200
3615.364746,3659.0918010119053,3606.0404674340193,3651.275015647617,25400
3652.58252,3652.58252,3594.0003815573154,3622.602537100376,24900
3651.054931640625,3695.5307337876784,3651.0449385571783,3683.6406706227876,18900
3655.757568359375,3665.720917056603,3615.1152073849144,3656.935534,21200
3688.822266,3695.7906138982935,3666.3897413147834,3673.7573254912477,13800
3753.743652,3763.3874654369565,3688.7920215414097,3688.8419869591594,17000
3793.657227,3799.537303510098,3723.783876126832,3723.783876126832,20500
3709.666992,3794.1158525218557,3709.4671305346656,3793.6366720224983,46500
3740.615478515625,3763.6968192919057,3638.425967504432,3763.6968192919057,29800
3783.693603515625,3785.4007146432496,3682.8519363811147,3682.8519363811147,21100
3640.912109,3783.663800045336,3568.662844135485,3783.6538069614576,42600
3625.577392578125,3693.314410965089,3607.487718190861,3693.314410965089,27700
3653.890380859375,3693.833711363223,3621.8937455047358,3683.7304600037273,21000
3669.204833984375,3706.821968875975,3639.8336991294004,3706.821968875975,16700
3725.860352,3735.6240818768433,3683.850402313137,3703.188238083875,19400
3654.788574,3734.8451130661406,3639.8135735435253,3702.4489999517496,21000
3596.745605,3624.688947186216,3556.4727489439206,3556.4727489439206,42000
3713.201172,3717.9432555523404,3604.702365582896,3638.855312396407,20000
3701.600341796875,3719.3407443695396,3644.964912,3703.1578002701985,34500
3704.645996,3755.980226894726,3677.361463423941,3677.361463423941,24500
3716.725341796875,3733.367725516122,3623.950286052553,3623.950286052553,49300
3657.374267578125,3673.707108543158,3598.4126410115728,3598.4126410115728,26000
3701.321289,3726.0999936921808,3669.913757526143,3669.913757526143,20400
3743.750488,3743.9401131432214,3663.8838111979167,3663.8838111979167,30100
3747.863525390625,3768.6386583444005,3730.582316,3743.7402816798067,12900
3750.788574,3759.1245119240716,3703.8569110225635,3703.8569110225635,18500
3766.781738,3783.633488492743,3721.9864031949055,3783.633488492743,13600
3772.093017578125,3790.1629505198616,3756.0499745220536,3790.1629505198616,55300
3846.588623046875,3849.5736301943825,3754.7919147146886,3754.7919147146886,23900
3786.109619140625,3842.4854792423303,3780.6887368075527,3808.662059291557,19500
3696.818848,3786.2196586736727,3682.8621652393285,3786.2196586736727,23100
3677.740478515625,3760.3725569006574,3658.063365396925,3743.740409522827,39900
3842.076416015625,3843.583909324217,3730.0834341447166,3753.7239027753153,22800
3787.517333984375,3804.1594740311457,3768.6586792688095,3785.7102920056586,14300
3788.665283203125,3800.0761657898133,3743.7602660938223,3743.8601969279325,23600
3770.805419921875,3810.6588137629633,3753.5441953522663,3803.6804726071814,31400
3765.90332,3775.3974809748397,3729.084900430771,3751.587374925414,21500
3744.479248046875,3778.0830646481663,3724.0034189830553,3778.0830646481663,30300
3744.559082,3777.0548840195847,3720.9983155208106,3734.585740785717,123300
3678.239501953125,3732.179484900742,3651.8136460553737,3723.8535403192755,41800
3727.4375,3753.8733496815325,3692.835351120779,3703.227914,20100
3762.728759765625,3763.6171692917706,3715.2979278870494,3739.747104,15900
3791.630615234375,3847.5173043960854,3743.7905524823605,3743.7905524823605,32900
3746.595947265625,3803.4909632909557,3731.141764290347,3777.8835629513724,18700
3735.643798828125,3763.717052028024,3720.8486728015555,3724.162964319286,22800
3736.822021484375,3775.9066781361444,3731.0216457064357,3732.8386808112573,34800
3725.424805,3783.049500642505,3721.549738393689,3783.0395039321265,21000
3695.174316,3739.0169627936466,3682.1612813792676,3725.434846734775,44100
3660.190185546875,3719.6925604504827,3660.190185546875,3719.6925604504827,15200
3586.955810546875,3660.190254334478,3571.825666137513,3660.190254334478,58100
3584.568848,3628.281781687879,3574.811570327362,3596.2435428699496,17100
3543.732177734375,3635.132588947549,3538.379061,3635.132588947549,17000
3636.700439453125,3664.4942190476054,3574.311947793212,3574.311947793212,20300
3633.235107421875,3654.6670789831865,3596.123661512517,3636.7105490900767,15800
3659.670654296875,3671.6150166575912,3583.590079043724,3671.6150166575912,15900
3625.255615234375,3654.5774300551825,3595.5244229276072,3595.5244229276072,21400
3687.514404296875,3703.8929172797525,3609.1367803292987,3655.2064988377806,33900
3577.028564453125,3720.121722589645,3570.367341739106,3720.121722589645,21600
3585.317871,3647.0873029756017,3555.4669613373644,3555.4669613373644,22500
3644.949951171875,3669.5279617003216,3584.1194787384106,3584.1194787384106,35400
3706.619384765625,3729.120029851404,3651.8010809177804,3651.8010809177804,39300
3695.354004,3711.173432498982,3644.6701941556553,3680.7332052816428,42000
3656.894287109375,3720.141768678908,3648.0659724884435,3694.1456883494475,28800
3676.728759765625,3695.1746428457036,3657.1342301653785,3695.024935997182,16300
3726.013916015625,3747.4161416813317,3649.5139671754546,3713.260795,28900
3692.138184,3774.8702269117625,3677.197734255368,3715.997161489795,17200
3650.242919921875,3690.650110478898,3607.4487100100623,3690.650110478898,18600
3630.259033203125,3665.2133842793587,3604.912252228788,3650.2429448141684,31500
3607.408935546875,3644.0310299252537,3592.508229463347,3605.301580275821,27000
3539.657470703125,3605.2817306965358,3539.657470703125,3585.417779125641,27200
3611.98291,3646.158249840065,3532.346919924529,3544.331269056901,16700
3539.917236328125,3630.259219037092,3530.389639421216,3607.0395417764007,33100
3633.265137,3634.5534932483374,3535.3429696261564,3539.9370676069457,16100
3745.119141,3753.0987100880784,3613.211325074369,3643.78151,33000
3750.452392578125,3763.884802404335,3728.1814273399577,3742.1031883582177,26000
3815.487060546875,3816.1461119551377,3695.2841785767587,3695.2841785767587,31600
3821.898681640625,3848.1244418585393,3782.1607824526723,3822.3083029454297,48400
3731.427001953125,3823.2870180853583,3731.427001953125,3821.848955,41100
3703.03418,3729.8390179484236,3615.5983167803684,3724.126507436715,42600
3639.277344,3753.578024848796,3624.636551667584,3753.578024848796,34300
3649.903564453125,3678.9357201311796,3635.1827978595584,3670.197131730129,25700
3678.456298828125,3704.951727637506,3600.298355835924,3704.951727637506,27100
3690.170898,3728.8103795232228,3660.7093730229208,3693.686327077491,19000
3703.093994140625,3725.9642739125266,3655.7559114562177,3655.7559114562177,36500
3704.212646484375,3746.7969274332204,3677.1878800514587,3677.1878800514587,17500
3717.225586,3729.5393388377784,3687.6840873849837,3725.155171740776,22800
3813.020263671875,3820.0211304306144,3729.0598461175073,3743.610911046104,33800
3718.174560546875,3813.020674144011,3709.256275066415,3813.020674144011,10400
3775.080078,3784.3580010138926,3707.778076203995,3715.158330800965,17600
3755.934814453125,3773.272035219872,3731.6164766921224,3731.6164766921224,26800
3713.969970703125,3783.5390321205477,3713.969970703125,3755.9351875834004,26200
3786.125488,3807.1978218846966,3709.1559401227046,3735.1220290950228,114800
3786.135498046875,3807.2278251434223,3720.151602687552,3720.151602687552,34500
3788.472412109375,3807.2279478410087,3735.4917968161844,3807.2279478410087,29900
3819.322266,3852.069538822867,3784.6873208878515,3788.472416854761,24700
3802.983398,3859.949042519602,3753.4582326841205,3843.340849380289,23800
3836.829345703125,3862.955138595607,3773.1225051685597,3778.0460069172873,26800
3864.932861328125,3877.156888511191,3820.211233,3833.983287368167,33100
3811.802246,3869.9063004021064,3774.8205107662498,3869.9063004021064,19700
3851.959473,3873.121776870546,3811.8219493810348,3811.8219493810348,30600
3780.183594,3845.0288442921615,3770.076675,3845.0288442921615,15300
3795.043945,3799.1984319608464,3772.1539161707224,3790.0404697264494,36500
3766.231201171875,3795.043669719544,3740.0654225292997,3793.5056393260543,18400
3778.805176,3801.535501576667,3766.211514663963,3766.211514663963,46600
3759.160888671875,3795.0439597367454,3753.098737023866,3775.0700441591835,15300
3742.316406,3774.4460657887353,3716.5006259222064,3736.4918124325973,50000
3806.506348,3819.4041168056474,3746.4627796707146,3746.4627796707146,177800
3844.720215,3858.8068055815174,3801.221130949001,3808.0347841316843,27300
3873.303466796875,3876.240643026753,3811.4517843603116,3837.3873285286695,19100
3864.591309,3876.779783814239,3823.789637157144,3833.920235500339,31900
3923.805664,3950.630505632004,3850.884331,3873.9026974608837,27000
3938.172119140625,3963.788138542183,3882.7243228834855,3923.835763211721,39700
3968.913086,3992.700747939611,3908.2002288574035,3926.213298464666,43500
4039.217041015625,4054.502698186845,3986.346897109808,3998.2256057200552,26500
4032.923095703125,4072.525948,4024.2113268666153,4071.167119409498,8800
3975.477051,4070.1479277190942,3966.715280474989,4070.1479277190942,28800
4044.821777,4052.214963315776,3994.329519706093,3994.329519706093,20000
4046.19043,4059.457967328731,4007.926407,4007.926407,19300
4111.30957,4119.7815747856985,4036.8593979921043,4067.940244252432,40000
4090.598633,4133.248663149927,4067.770272308489,4073.0153340575325,25200
4143.248535,4181.662559041655,4095.4434517399745,4121.469238298152,31600
4186.059082,4213.662977468654,4151.401768,4151.9613,31900
4196.668945,4201.724244,4108.851723,4141.600675007294,40600
4183.141602,4196.049370622521,4146.096401924633,4147.494987483782,42600
4193.911133,4230.996332841611,4157.085942,4181.362888878522,65300
4210.765137,4234.412792032845,4175.947823,4198.287139869191,26300
4284.956055,4330.403013598335,4230.4370704569055,4230.4370704569055,38400
4305.686035,4323.529097553961,4262.466476437657,4295.9549634797995,26100
4300.161621,4371.164600338931,4290.790560563078,4300.471388060797,42100
4348.465332,4378.377107054565,4247.819870320625,4247.819870320625,28300
4467.463867,4472.289402138899,4351.992503734618,4351.992503734618,41100
4345.159668,4464.806803322924,4341.622958200995,4453.587384295531,42400
4242.975586,4389.417305,4015.3895581010943,4369.136594447214,54000
4352.192383,4369.775925292323,4273.975985694177,4332.331199610293,40600
4175.598633,4352.192631,4130.711204957818,4352.192631,51800
4045.92041,4150.082587,4001.4122694415682,4146.026347409272,45600
4035.010986328125,4115.725030928818,3916.3126854035727,4043.7127543150896,56500
3992.650634765625,4081.6069171042413,3980.1623930606524,4031.813955881196,26800
4060.556884765625,4067.1707750019523,3971.2610736017587,3971.2610736017587,26100
4071.167236328125,4117.103970073249,3999.764487099194,4023.8219165742175,24900
3955.815673828125,4120.5107125718405,3955.815673828125,4120.5107125718405,30600
4093.895263671875,4130.620449538723,3970.661200937842,3970.661200937842,37900
4174.549316,4177.826016293764,3997.8458234920963,3997.8458234920963,27100
4237.130859,4249.499097493914,4174.559887119712,4174.559887119712,44800
4224.762695,4279.161187129607,4211.035384956457,4244.303867957929,27600
4213.07373,4241.147398767492,4187.058183189529,4224.7526769793785,42200
4221.275391,4258.889876447876,4146.1059332551295,4152.989588558106,20200
4295.984863,4321.580880316512,4217.019663,4217.019663,31900
4257.481934,4325.507732946394,4229.727789910303,4305.846068075558,28800
4303.448242,4337.096737431235,4256.192929050359,4256.192929050359,22100
4317.464844,4321.381566268222,4255.992935082825,4255.992935082825,10300
4287.693359,4326.017142978829,4231.106495991635,4231.106495991635,20000
4261.058105,4313.349206256423,4248.060576811219,4273.017061145051,14700
4290.570313,4322.430453053605,4267.012414020193,4267.012414020193,14800
4396.550293,4401.9851171217415,4280.978935410392,4280.978935410392,43100
4253.735352,4405.0426031372735,4238.009922645476,4396.550598341779,27700
4246.152344,4276.773417750438,4194.600779538114,4275.774358319285,21700
4177.51709,4261.088310420888,4161.561896711704,4207.718635751296,43400
4182.552246,4242.255799177087,4088.840185614223,4214.342139251427,30300
4215.740723,4246.002269622445,4176.168118093516,4200.465066053429,38700
4254.484863,4254.874145,4155.787742,4198.747298170193,30700
4260.988281,4260.988281,4200.964715288169,4221.0459065109735,24000
4268.421387,4291.060229368473,4245.2932586187235,4283.147756782313,28900
4282.447754,4298.992234704596,4254.903864202077,4290.440228427851,37100
4351.313477,4370.884894191402,4290.960141840474,4315.127330293948,38000
4309.802246,4383.872646589589,4260.9883404066995,4383.872646589589,26500
4252.846191,4344.889418732852,4242.975601409714,4322.530585980987,38000
4392.174805,4412.395512886293,4274.675568,4274.675568,25500
4372.353027,4422.531232473582,4339.443679,4381.057479576619,73500
4397.237793,4425.320122333546,4352.246240556656,4425.320122333546,18000
4407.230957,4408.150297113062,4343.401233707707,4395.438614983968,17400
4369.235352,4466.423855208303,4357.252699251253,4430.4266130537035,21300
4431.71582,4431.71582,4357.242924027876,4357.242924027876,29400
4336.106445,4445.377148504099,4328.2613116301945,4445.377148504099,22100
4397.217773,4405.332756078243,4286.278201975822,4297.271246409416,28800
4347.249023,4407.0910377088085,4320.066029757138,4396.208276,41300
4375.730957,4415.785687786484,4332.358501574432,4356.403344149893,18700
4312.371094,4353.035301568029,4252.549087713547,4341.262478342923,27600
4351.057129,4360.231500029487,4301.588428,4301.588428,18500
4332.598145,4360.240808305109,4310.272429,4337.594982496303,15600
4312.131348,4346.509497110215,4253.588312833592,4267.299851654999,43300
4365.267578,4368.7355985121385,4281.290930807732,4311.741877229373,26300
4337.255371,4407.211102885585,4282.979658342561,4381.5774216163545,30500
4413.447754,4425.489939251854,4337.315748433155,4338.824559401977,28400
4406.991211,4428.267787,4363.30889,4417.024901067525,32500
4407.01123,4418.523965218176,4346.249873052184,4406.042117121046,21900
4428.267578,4458.118805197351,4377.430119603002,4385.0351703422475,25800
4428.257813,4454.970888665409,4421.132438695728,4429.996458361157,12500
4367.256836,4449.7046708111475,4357.252912,4429.207385632007,21300
4393.220215,4394.0097543296215,4356.123570347505,4357.042910515232,12000
4325.942871,4413.417305500701,4295.242082630485,4413.417305500701,15300
4335.756348,4370.334564330818,4305.275635750403,4325.642630395739,43400
4279.04248,4356.013797,4269.308405228405,4321.205743509757,20700
4302.027832,4347.599093837518,4297.830292770122,4309.772931211979,25400
4360.03125,4360.03125,4157.3694442324195,4157.3694442324195,28200
4328.810547,4377.230102443757,4289.305760224527,4332.6684571639025,29800
4196.384766,4308.264168952386,4183.682841862987,4297.280884279494,37000
4255.20752,4279.372405547318,4220.989424135262,4244.614124597327,21600
4260.51416,4277.363362261292,4211.884773699067,4227.374972419634,18000
4248.331543,4285.128081,4236.968616595086,4260.513775078968,23800
4342.252441,4345.110496254373,4248.911600444397,4250.320377010306,16800
4395.608887,4407.211408693011,4341.253142712571,4355.174509975207,29600
4354.245117,4393.880196760247,4352.456209946861,4393.880196760247,16400
4451.57373,4452.183208147773,4338.674944,4338.674944,27500
4487.060547,4509.226696,4343.201871803654,4408.230546694966,29800
4570.088379,4597.091313050941,4457.179838305912,4457.179838305912,29100
4485.321777,4607.824334013195,4485.301770473148,4570.087960250356,26100
4418.094727,4475.1284644815905,4413.927441405808,4475.1284644815905,36700
4446.456543,4478.706156693379,4410.519321156285,4418.094606051821,21200
4433.294922,4488.130341846373,4396.118250172123,4397.2176521796655,22300
4500.222168,4501.641679884463,4398.816608943577,4457.139566550274,19700
4641.612793,4652.046621,4503.450216268573,4544.923973469711,29400
4584.999023,4666.887155115407,4543.435476490617,4604.426673181516,22500
4605.365723,4654.604586111267,4558.765326419917,4558.765326419917,74200
4676.050781,4714.007231325277,4622.075171153752,4637.405314056726,28600
4718.583984,4723.021118038391,4660.900758778441,4697.347423,18100
4697.027832,4712.018346388797,4678.039847178357,4697.037591480702,7100
4731.166504,4760.257959527522,4679.109111264337,4679.109111264337,28300
4787.270996,4795.166391463339,4700.276231217383,4776.967944311704,22500
4647.089355,4876.1046031143405,4597.100965917778,4756.9802715910955,44400
4732.495605,4759.428270046591,4666.317266958756,4670.444538116319,29800
4705.162598,4717.514644267932,4680.138394506078,4717.514644267932,22400
4695.688965,4732.255671055454,4654.894465013249,4707.051404180511,23000
4699.456543,4723.821008897471,4618.777612980262,4723.821008897471,41100
4622.614746,4697.0276169188855,4592.343863116279,4605.775304808816,27600
4684.135742,4719.883138977438,4672.842596086656,4696.028118440521,21200
4647.109375,4713.257949586446,4612.0817338355955,4637.095692,32700
4656.483887,4719.123940085228,4638.725103671836,4719.123940085228,18700
4618.967285,4680.738255493681,4566.310664506879,4656.483584156008,19000
4653.985352,4687.234332693865,4578.132956784569,4578.132956784569,41500
4464.29541,4697.028035356427,4436.872819927805,4631.509432544841,35200
4420.942871,4588.076862712756,4420.942871,4553.578672002818,28600
4451.193359,4505.396443364024,4386.813224377465,4411.335480193792,97300
4508.885742,4513.424387836039,4426.640972701949,4426.640972701949,33000
4546.054199,4546.054199,4502.417208581037,4508.885437170015,4200
4533.337891,4544.804584295569,4478.234694435146,4544.224684,15800
4474.295898,4518.452260217822,4419.343047492275,4518.452260217822,15900
4443.545898,4490.171231961421,4438.647011869041,4461.430056079509,13500
4438.807129,4531.958705491836,4398.649536128571,4443.645487193949,24500
4457.071289,4469.727558896455,4340.547012087316,4469.727558896455,22200
4317.224121,4589.370533968016,4280.935459511623,4589.370533968016,47800
4161.412109,4392.791255803876,4111.067705195267,4392.791255803876,63600
4323.672363,4348.654926453298,4100.441104494326,4100.441104494326,59300
4319.153809,4391.861464585821,4308.677044956327,4338.6380604388505,11100
4274.157715,4343.2663759036395,4164.821172508043,4343.2663759036395,51600
4297.050781,4317.674332,4214.855802968313,4272.058454716346,35100
4263.351074,4298.780136964384,4222.353408838788,4298.780136964384,19500
4339.487305,4373.377288768471,4313.125770576006,4348.664662391975,30600
4399.809082,4546.2040691021875,4358.561494254687,4396.8900565178965,24200
4391.021973,4460.020807961354,4370.068445,4402.878195804861,23900
4360.270996,4441.386225525959,4343.616442081428,4441.386225525959,6300
4439.566895,4448.6139211005275,4370.657879,4436.5575647157975,20900
4498.638672,4510.3050114949965,4425.951030334679,4425.951030334679,25100
4561.869141,4569.067125548527,4502.327366,4548.593432231866,27000
4631.6875,4717.351134620996,4561.878859687178,4561.878859687178,41400
4592.969727,4628.578911,4510.015215197539,4536.7770181878595,25800
4715.37207,4745.4629292156105,4598.578339479984,4644.703826,40900
4723.549805,4754.220564120156,4705.455262306758,4715.372139562879,25500
4796.657227,4831.4566011498555,4753.540581301512,4753.540581301512,27900
4751.561035,4836.015084,4751.561035,4796.657051539019,53100
4818.520508,4830.576865,4657.480110362358,4657.480110362358,40000
4798.526367,4838.364230591356,4782.161275737882,4838.364230591356,31800
4901.135254,4914.870783,4780.4623453202275,4780.4623453202275,31500
4930.356445,4967.764882399385,4868.315433969189,4901.135436004444,38800
4907.15332,4979.171244884214,4798.5265200136555,4979.171244884214,25300
4932.655273,4959.927173,4886.179798360435,4923.537955864012,22000
4880.751465,4918.809604087338,4858.5082941554865,4878.092125089764,14300
4875.50293,4889.368789228768,4844.032612483913,4878.361915,16800
4960.026855,4990.317847753375,4888.519026401768,4888.519026401768,24400
4933.325195,4986.3889815901575,4917.300330171855,4960.046971558938,16900
4948.370605,4957.877451759048,4871.004226192678,4933.324932681429,20100
4885.310059,4946.3811508955605,4862.946807884664,4946.3811508955605,31200
4868.834961,4921.658583659909,4837.7043837666415,4858.248368,31500
4838.51416,4898.495740654055,4837.534480533373,4898.495740654055,24300
4874.833008,4915.320574005378,4823.518688410734,4885.499653940572,28000
4898.505859,4907.853087308336,4823.369259338726,4845.512363455909,30100
4933.824707,5000.464398783645,4883.600384411153,4883.600384411153,27100
4891.078125,4986.468754303891,4883.080580887244,4975.581960703621,20400
4985.439453,5016.799453053134,4823.289045527096,4893.047411621419,63300
4860.35791,4996.8658053015815,4854.509607998097,4981.460866831574,32300
4866.166016,4929.896447400887,4798.526627831487,4836.544739648773,50900
4987.388672,5018.459210586585,4834.955492111362,4834.955492111362,39200
4907.123047,5038.452836472436,4863.416741258209,4913.491208583734,59700
4946.670898,4963.245886650553,4812.322018096267,4874.503118594206,34800
4798.526367,4903.523907,4758.538647460938,4903.523907,76900
4721.050293,4829.117206194794,4713.552595309192,4769.555417886242,38600
4753.480469,4799.8563665641805,4740.994556236302,4765.146809,37200
4627.168945,4848.411065478549,4558.600157479119,4763.546989,51600
4697.357422,4726.198663,4660.1989099895045,4660.1989099895045,40000
4692.279297,4732.7468504566405,4668.446284,4668.446284,23700
4598.587891,4696.477753013113,4563.6684377195525,4696.477753013113,37700
4654.280762,4661.178545946225,4592.159700637357,4598.587902,45300
4653.55127,4690.8000874844965,4609.055165,4661.968607155722,47600
4625.239746,4677.293584589612,4544.604352956076,4635.726271777661,99100
4728.088379,4748.981866343846,4572.596080485661,4627.099366,61000
4699.047363,4743.543466,4681.5922737539795,4690.619775242202,47100
4644.313965,4752.380387003922,4632.737441870731,4682.441904185228,33300
4660.658691,4660.658691,4593.5796800391045,4610.954227634812,39500
4564.799805,4660.810059,4526.709961,4660.810059,39900
4557.370117,4565.77002,4484.120117,4517.879883,70600
4603.160156,4628.299805,4552.259766,4556.259766,33200
4740,4755.370117,4600.109863,4611.27002,40500
4519.580078,4699.890137,4490,4699.890137,56000
4365.009766,4598.160156,4320.560059,4598.160156,57300
4345,4475,4203,4211.680176,56200
4284.129883,4589.899902,4222.120117,4412.350098,49900
4664.75,4700,4249.560059,4284.129883,62700
4365,4573.02002,4350,4573.02002,49600
4549.669922,4597.25,4344.009766,4366.759766,56100
4565,4720.109863,4490,4643.240234,40900
4664.25,4671.540039,4564.959961,4565,27800
4718.459961,4731.379883,4567.77002,4582.129883,66900
4682.540039,4735.200195,4615.870117,4735.200195,31600
4605.310059,4650.899902,4556.169922,4580.830078,18900
4644.129883,4717.77002,4595.200195,4595.200195,24600
4769.970215,4843.850098,4710.990234,4710.990234,28600
4888.910156,4891.97998,4762,4762,34600
4883.410156,4919.930176,4710,4851.899902,18700
4927.709961,5000,4893,4931.009766,17500
4982,4989.459961,4893.600098,4893.600098,22000
4968.350098,4973.350098,4802.149902,4957.080078,40100
4986.149902,5045.839844,4957.310059,4957.600098,26900
5042.620117,5070.259766,4982.350098,5020,27100
4994.410156,5065.899902,4977.02002,5041.990234,39100
4967.419922,5000,4928.310059,4984.839844,24600
5050.009766,5056.529785,4910,4975.109863,40600
5181.959961,5200,5008.399902,5070,49000
5113.430176,5249.990234,5049.649902,5249.990234,34600
